"REF_AREA_LABEL","INDICATOR_LABEL","COMP_BREAKDOWN_1_LABEL","TIME_PERIOD","OBS_VALUE"
"Albania","Hospital beds density per 10,000 pop","Type: Value",2024,28.9
"Albania","Hospital beds density per 10,000 pop","Type: Score",2024,3.40833333333333
"Albania","Hospital beds density per 10,000 pop","Type: Rank",2024,49
"Albania","Hospital beds density per 10,000 pop","Type: Value",2021,28.9
"Albania","Hospital beds density per 10,000 pop","Type: Score",2021,3.40833333333333
"Albania","Hospital beds density per 10,000 pop","Type: Rank",2021,49
"Albania","Hospital beds density per 10,000 pop","Type: Value",2019,28.9
"Albania","Hospital beds density per 10,000 pop","Type: Score",2019,3.40833333333333
"Albania","Hospital beds density per 10,000 pop","Type: Rank",2019,50
"Algeria","Hospital beds density per 10,000 pop","Type: Value",2024,19
"Algeria","Hospital beds density per 10,000 pop","Type: Score",2024,2.58333333333333
"Algeria","Hospital beds density per 10,000 pop","Type: Rank",2024,74
"Algeria","Hospital beds density per 10,000 pop","Type: Value",2021,19
"Algeria","Hospital beds density per 10,000 pop","Type: Score",2021,2.58333333333333
"Algeria","Hospital beds density per 10,000 pop","Type: Rank",2021,74
"Algeria","Hospital beds density per 10,000 pop","Type: Value",2019,19
"Algeria","Hospital beds density per 10,000 pop","Type: Score",2019,2.58333333333333
"Algeria","Hospital beds density per 10,000 pop","Type: Rank",2019,74
"Angola","Hospital beds density per 10,000 pop","Type: Value",2024,NA
"Angola","Hospital beds density per 10,000 pop","Type: Score",2024,NA
"Angola","Hospital beds density per 10,000 pop","Type: Rank",2024,73
"Angola","Hospital beds density per 10,000 pop","Type: Value",2021,NA
"Angola","Hospital beds density per 10,000 pop","Type: Score",2021,NA
"Angola","Hospital beds density per 10,000 pop","Type: Rank",2021,73
"Angola","Hospital beds density per 10,000 pop","Type: Value",2019,NA
"Angola","Hospital beds density per 10,000 pop","Type: Score",2019,NA
"Angola","Hospital beds density per 10,000 pop","Type: Rank",2019,73
"Argentina","Hospital beds density per 10,000 pop","Type: Value",2024,49.9
"Argentina","Hospital beds density per 10,000 pop","Type: Score",2024,5.15833333333333
"Argentina","Hospital beds density per 10,000 pop","Type: Rank",2024,21
"Argentina","Hospital beds density per 10,000 pop","Type: Value",2021,49.9
"Argentina","Hospital beds density per 10,000 pop","Type: Score",2021,5.15833333333333
"Argentina","Hospital beds density per 10,000 pop","Type: Rank",2021,21
"Argentina","Hospital beds density per 10,000 pop","Type: Value",2019,49.5
"Argentina","Hospital beds density per 10,000 pop","Type: Score",2019,5.125
"Argentina","Hospital beds density per 10,000 pop","Type: Rank",2019,21
"Armenia","Hospital beds density per 10,000 pop","Type: Value",2024,42
"Armenia","Hospital beds density per 10,000 pop","Type: Score",2024,4.5
"Armenia","Hospital beds density per 10,000 pop","Type: Rank",2024,32
"Armenia","Hospital beds density per 10,000 pop","Type: Value",2021,42
"Armenia","Hospital beds density per 10,000 pop","Type: Score",2021,4.5
"Armenia","Hospital beds density per 10,000 pop","Type: Rank",2021,32
"Armenia","Hospital beds density per 10,000 pop","Type: Value",2019,42
"Armenia","Hospital beds density per 10,000 pop","Type: Score",2019,4.5
"Armenia","Hospital beds density per 10,000 pop","Type: Rank",2019,31
"Australia","Hospital beds density per 10,000 pop","Type: Value",2024,38.4
"Australia","Hospital beds density per 10,000 pop","Type: Score",2024,4.2
"Australia","Hospital beds density per 10,000 pop","Type: Rank",2024,37
"Australia","Hospital beds density per 10,000 pop","Type: Value",2021,38.4
"Australia","Hospital beds density per 10,000 pop","Type: Score",2021,4.2
"Australia","Hospital beds density per 10,000 pop","Type: Rank",2021,37
"Australia","Hospital beds density per 10,000 pop","Type: Value",2019,38.4
"Australia","Hospital beds density per 10,000 pop","Type: Score",2019,4.2
"Australia","Hospital beds density per 10,000 pop","Type: Rank",2019,38
"Austria","Hospital beds density per 10,000 pop","Type: Value",2024,72.7
"Austria","Hospital beds density per 10,000 pop","Type: Score",2024,7
"Austria","Hospital beds density per 10,000 pop","Type: Rank",2024,6
"Austria","Hospital beds density per 10,000 pop","Type: Value",2021,72.7
"Austria","Hospital beds density per 10,000 pop","Type: Score",2021,7
"Austria","Hospital beds density per 10,000 pop","Type: Rank",2021,6
"Austria","Hospital beds density per 10,000 pop","Type: Value",2019,74.2
"Austria","Hospital beds density per 10,000 pop","Type: Score",2019,7
"Austria","Hospital beds density per 10,000 pop","Type: Rank",2019,4
"Azerbaijan","Hospital beds density per 10,000 pop","Type: Value",2024,48.2
"Azerbaijan","Hospital beds density per 10,000 pop","Type: Score",2024,5.01666666666667
"Azerbaijan","Hospital beds density per 10,000 pop","Type: Rank",2024,22
"Azerbaijan","Hospital beds density per 10,000 pop","Type: Value",2021,48.2
"Azerbaijan","Hospital beds density per 10,000 pop","Type: Score",2021,5.01666666666667
"Azerbaijan","Hospital beds density per 10,000 pop","Type: Rank",2021,22
"Azerbaijan","Hospital beds density per 10,000 pop","Type: Value",2019,48.2
"Azerbaijan","Hospital beds density per 10,000 pop","Type: Score",2019,5.01666666666667
"Azerbaijan","Hospital beds density per 10,000 pop","Type: Rank",2019,22
"Bahrain","Hospital beds density per 10,000 pop","Type: Value",2024,17.4
"Bahrain","Hospital beds density per 10,000 pop","Type: Score",2024,2.45
"Bahrain","Hospital beds density per 10,000 pop","Type: Rank",2024,78
"Bahrain","Hospital beds density per 10,000 pop","Type: Value",2021,17.4
"Bahrain","Hospital beds density per 10,000 pop","Type: Score",2021,2.45
"Bahrain","Hospital beds density per 10,000 pop","Type: Rank",2021,78
"Bahrain","Hospital beds density per 10,000 pop","Type: Value",2019,18.9
"Bahrain","Hospital beds density per 10,000 pop","Type: Score",2019,2.575
"Bahrain","Hospital beds density per 10,000 pop","Type: Rank",2019,76
"Bangladesh","Hospital beds density per 10,000 pop","Type: Value",2024,7.9
"Bangladesh","Hospital beds density per 10,000 pop","Type: Score",2024,1.65833333333333
"Bangladesh","Hospital beds density per 10,000 pop","Type: Rank",2024,109
"Bangladesh","Hospital beds density per 10,000 pop","Type: Value",2021,7.9
"Bangladesh","Hospital beds density per 10,000 pop","Type: Score",2021,1.65833333333333
"Bangladesh","Hospital beds density per 10,000 pop","Type: Rank",2021,109
"Bangladesh","Hospital beds density per 10,000 pop","Type: Value",2019,7.9
"Bangladesh","Hospital beds density per 10,000 pop","Type: Score",2019,1.65833333333333
"Bangladesh","Hospital beds density per 10,000 pop","Type: Rank",2019,109
"Barbados","Hospital beds density per 10,000 pop","Type: Value",2024,59.7
"Barbados","Hospital beds density per 10,000 pop","Type: Score",2024,5.975
"Barbados","Hospital beds density per 10,000 pop","Type: Rank",2024,13
"Barbados","Hospital beds density per 10,000 pop","Type: Value",2021,59.7
"Barbados","Hospital beds density per 10,000 pop","Type: Score",2021,5.975
"Barbados","Hospital beds density per 10,000 pop","Type: Rank",2021,13
"Barbados","Hospital beds density per 10,000 pop","Type: Value",2019,58.9
"Barbados","Hospital beds density per 10,000 pop","Type: Score",2019,5.90833333333333
"Barbados","Hospital beds density per 10,000 pop","Type: Rank",2019,14
"Belgium","Hospital beds density per 10,000 pop","Type: Value",2024,55.8
"Belgium","Hospital beds density per 10,000 pop","Type: Score",2024,5.65
"Belgium","Hospital beds density per 10,000 pop","Type: Rank",2024,18
"Belgium","Hospital beds density per 10,000 pop","Type: Value",2021,55.8
"Belgium","Hospital beds density per 10,000 pop","Type: Score",2021,5.65
"Belgium","Hospital beds density per 10,000 pop","Type: Rank",2021,18
"Belgium","Hospital beds density per 10,000 pop","Type: Value",2019,56.6
"Belgium","Hospital beds density per 10,000 pop","Type: Score",2019,5.71666666666667
"Belgium","Hospital beds density per 10,000 pop","Type: Rank",2019,17
"Benin","Hospital beds density per 10,000 pop","Type: Value",2024,5
"Benin","Hospital beds density per 10,000 pop","Type: Score",2024,1.41666666666667
"Benin","Hospital beds density per 10,000 pop","Type: Rank",2024,114
"Benin","Hospital beds density per 10,000 pop","Type: Value",2021,5
"Benin","Hospital beds density per 10,000 pop","Type: Score",2021,1.41666666666667
"Benin","Hospital beds density per 10,000 pop","Type: Rank",2021,114
"Benin","Hospital beds density per 10,000 pop","Type: Value",2019,5
"Benin","Hospital beds density per 10,000 pop","Type: Score",2019,1.41666666666667
"Benin","Hospital beds density per 10,000 pop","Type: Rank",2019,113
"Bolivia","Hospital beds density per 10,000 pop","Type: Value",2024,12.9
"Bolivia","Hospital beds density per 10,000 pop","Type: Score",2024,2.075
"Bolivia","Hospital beds density per 10,000 pop","Type: Rank",2024,94
"Bolivia","Hospital beds density per 10,000 pop","Type: Value",2021,12.9
"Bolivia","Hospital beds density per 10,000 pop","Type: Score",2021,2.075
"Bolivia","Hospital beds density per 10,000 pop","Type: Rank",2021,94
"Bolivia","Hospital beds density per 10,000 pop","Type: Value",2019,12.7
"Bolivia","Hospital beds density per 10,000 pop","Type: Score",2019,2.05833333333333
"Bolivia","Hospital beds density per 10,000 pop","Type: Rank",2019,94
"Bosnia and Herzegovina","Hospital beds density per 10,000 pop","Type: Value",2024,34.9
"Bosnia and Herzegovina","Hospital beds density per 10,000 pop","Type: Score",2024,3.90833333333333
"Bosnia and Herzegovina","Hospital beds density per 10,000 pop","Type: Rank",2024,39
"Bosnia and Herzegovina","Hospital beds density per 10,000 pop","Type: Value",2021,34.9
"Bosnia and Herzegovina","Hospital beds density per 10,000 pop","Type: Score",2021,3.90833333333333
"Bosnia and Herzegovina","Hospital beds density per 10,000 pop","Type: Rank",2021,39
"Bosnia and Herzegovina","Hospital beds density per 10,000 pop","Type: Value",2019,34.9
"Bosnia and Herzegovina","Hospital beds density per 10,000 pop","Type: Score",2019,3.90833333333333
"Bosnia and Herzegovina","Hospital beds density per 10,000 pop","Type: Rank",2019,39
"Botswana","Hospital beds density per 10,000 pop","Type: Value",2024,18
"Botswana","Hospital beds density per 10,000 pop","Type: Score",2024,2.5
"Botswana","Hospital beds density per 10,000 pop","Type: Rank",2024,77
"Botswana","Hospital beds density per 10,000 pop","Type: Value",2021,18
"Botswana","Hospital beds density per 10,000 pop","Type: Score",2021,2.5
"Botswana","Hospital beds density per 10,000 pop","Type: Rank",2021,77
"Botswana","Hospital beds density per 10,000 pop","Type: Value",2019,18
"Botswana","Hospital beds density per 10,000 pop","Type: Score",2019,2.5
"Botswana","Hospital beds density per 10,000 pop","Type: Rank",2019,77
"Brazil","Hospital beds density per 10,000 pop","Type: Value",2024,20.9
"Brazil","Hospital beds density per 10,000 pop","Type: Score",2024,2.74166666666667
"Brazil","Hospital beds density per 10,000 pop","Type: Rank",2024,68
"Brazil","Hospital beds density per 10,000 pop","Type: Value",2021,20.9
"Brazil","Hospital beds density per 10,000 pop","Type: Score",2021,2.74166666666667
"Brazil","Hospital beds density per 10,000 pop","Type: Rank",2021,68
"Brazil","Hospital beds density per 10,000 pop","Type: Value",2019,21.1
"Brazil","Hospital beds density per 10,000 pop","Type: Score",2019,2.75833333333333
"Brazil","Hospital beds density per 10,000 pop","Type: Rank",2019,68
"Bulgaria","Hospital beds density per 10,000 pop","Type: Value",2024,74.5
"Bulgaria","Hospital beds density per 10,000 pop","Type: Score",2024,7
"Bulgaria","Hospital beds density per 10,000 pop","Type: Rank",2024,5
"Bulgaria","Hospital beds density per 10,000 pop","Type: Value",2021,74.5
"Bulgaria","Hospital beds density per 10,000 pop","Type: Score",2021,7
"Bulgaria","Hospital beds density per 10,000 pop","Type: Rank",2021,5
"Bulgaria","Hospital beds density per 10,000 pop","Type: Value",2019,72.7
"Bulgaria","Hospital beds density per 10,000 pop","Type: Score",2019,7
"Bulgaria","Hospital beds density per 10,000 pop","Type: Rank",2019,5
"Cambodia","Hospital beds density per 10,000 pop","Type: Value",2024,9
"Cambodia","Hospital beds density per 10,000 pop","Type: Score",2024,1.75
"Cambodia","Hospital beds density per 10,000 pop","Type: Rank",2024,104
"Cambodia","Hospital beds density per 10,000 pop","Type: Value",2021,9
"Cambodia","Hospital beds density per 10,000 pop","Type: Score",2021,1.75
"Cambodia","Hospital beds density per 10,000 pop","Type: Rank",2021,104
"Cambodia","Hospital beds density per 10,000 pop","Type: Value",2019,9
"Cambodia","Hospital beds density per 10,000 pop","Type: Score",2019,1.75
"Cambodia","Hospital beds density per 10,000 pop","Type: Rank",2019,104
"Cameroon","Hospital beds density per 10,000 pop","Type: Value",2024,13
"Cameroon","Hospital beds density per 10,000 pop","Type: Score",2024,2.08333333333333
"Cameroon","Hospital beds density per 10,000 pop","Type: Rank",2024,92
"Cameroon","Hospital beds density per 10,000 pop","Type: Value",2021,13
"Cameroon","Hospital beds density per 10,000 pop","Type: Score",2021,2.08333333333333
"Cameroon","Hospital beds density per 10,000 pop","Type: Rank",2021,92
"Cameroon","Hospital beds density per 10,000 pop","Type: Value",2019,13
"Cameroon","Hospital beds density per 10,000 pop","Type: Score",2019,2.08333333333333
"Cameroon","Hospital beds density per 10,000 pop","Type: Rank",2019,92
"Canada","Hospital beds density per 10,000 pop","Type: Value",2024,25.2
"Canada","Hospital beds density per 10,000 pop","Type: Score",2024,3.1
"Canada","Hospital beds density per 10,000 pop","Type: Rank",2024,58
"Canada","Hospital beds density per 10,000 pop","Type: Value",2021,25.2
"Canada","Hospital beds density per 10,000 pop","Type: Score",2021,3.1
"Canada","Hospital beds density per 10,000 pop","Type: Rank",2021,58
"Canada","Hospital beds density per 10,000 pop","Type: Value",2019,25.3
"Canada","Hospital beds density per 10,000 pop","Type: Score",2019,3.10833333333333
"Canada","Hospital beds density per 10,000 pop","Type: Rank",2019,59
"Chile","Hospital beds density per 10,000 pop","Type: Value",2024,20.6
"Chile","Hospital beds density per 10,000 pop","Type: Score",2024,2.71666666666667
"Chile","Hospital beds density per 10,000 pop","Type: Rank",2024,69
"Chile","Hospital beds density per 10,000 pop","Type: Value",2021,20.6
"Chile","Hospital beds density per 10,000 pop","Type: Score",2021,2.71666666666667
"Chile","Hospital beds density per 10,000 pop","Type: Rank",2021,69
"Chile","Hospital beds density per 10,000 pop","Type: Value",2019,21.2
"Chile","Hospital beds density per 10,000 pop","Type: Score",2019,2.76666666666667
"Chile","Hospital beds density per 10,000 pop","Type: Rank",2019,67
"China","Hospital beds density per 10,000 pop","Type: Value",2024,43.1
"China","Hospital beds density per 10,000 pop","Type: Score",2024,4.59166666666667
"China","Hospital beds density per 10,000 pop","Type: Rank",2024,29
"China","Hospital beds density per 10,000 pop","Type: Value",2021,43.1
"China","Hospital beds density per 10,000 pop","Type: Score",2021,4.59166666666667
"China","Hospital beds density per 10,000 pop","Type: Rank",2021,29
"China","Hospital beds density per 10,000 pop","Type: Value",2019,40.2
"China","Hospital beds density per 10,000 pop","Type: Score",2019,4.35
"China","Hospital beds density per 10,000 pop","Type: Rank",2019,34
"Colombia","Hospital beds density per 10,000 pop","Type: Value",2024,17.1
"Colombia","Hospital beds density per 10,000 pop","Type: Score",2024,2.425
"Colombia","Hospital beds density per 10,000 pop","Type: Rank",2024,80
"Colombia","Hospital beds density per 10,000 pop","Type: Value",2021,17.1
"Colombia","Hospital beds density per 10,000 pop","Type: Score",2021,2.425
"Colombia","Hospital beds density per 10,000 pop","Type: Rank",2021,80
"Colombia","Hospital beds density per 10,000 pop","Type: Value",2019,16.8
"Colombia","Hospital beds density per 10,000 pop","Type: Score",2019,2.4
"Colombia","Hospital beds density per 10,000 pop","Type: Rank",2019,81
"Costa Rica","Hospital beds density per 10,000 pop","Type: Value",2024,11
"Costa Rica","Hospital beds density per 10,000 pop","Type: Score",2024,1.91666666666667
"Costa Rica","Hospital beds density per 10,000 pop","Type: Rank",2024,97
"Costa Rica","Hospital beds density per 10,000 pop","Type: Value",2021,11
"Costa Rica","Hospital beds density per 10,000 pop","Type: Score",2021,1.91666666666667
"Costa Rica","Hospital beds density per 10,000 pop","Type: Rank",2021,97
"Costa Rica","Hospital beds density per 10,000 pop","Type: Value",2019,11.4
"Costa Rica","Hospital beds density per 10,000 pop","Type: Score",2019,1.95
"Costa Rica","Hospital beds density per 10,000 pop","Type: Rank",2019,96
"Cote d'Ivoire","Hospital beds density per 10,000 pop","Type: Value",2024,2.8
"Cote d'Ivoire","Hospital beds density per 10,000 pop","Type: Score",2024,1.23333333333333
"Cote d'Ivoire","Hospital beds density per 10,000 pop","Type: Rank",2024,118
"Cote d'Ivoire","Hospital beds density per 10,000 pop","Type: Value",2021,2.8
"Cote d'Ivoire","Hospital beds density per 10,000 pop","Type: Score",2021,1.23333333333333
"Cote d'Ivoire","Hospital beds density per 10,000 pop","Type: Rank",2021,118
"Cote d'Ivoire","Hospital beds density per 10,000 pop","Type: Value",2019,2.8
"Cote d'Ivoire","Hospital beds density per 10,000 pop","Type: Score",2019,1.23333333333333
"Cote d'Ivoire","Hospital beds density per 10,000 pop","Type: Rank",2019,117
"Croatia","Hospital beds density per 10,000 pop","Type: Value",2024,55.4
"Croatia","Hospital beds density per 10,000 pop","Type: Score",2024,5.61666666666667
"Croatia","Hospital beds density per 10,000 pop","Type: Rank",2024,19
"Croatia","Hospital beds density per 10,000 pop","Type: Value",2021,55.4
"Croatia","Hospital beds density per 10,000 pop","Type: Score",2021,5.61666666666667
"Croatia","Hospital beds density per 10,000 pop","Type: Rank",2021,19
"Croatia","Hospital beds density per 10,000 pop","Type: Value",2019,54.9
"Croatia","Hospital beds density per 10,000 pop","Type: Score",2019,5.575
"Croatia","Hospital beds density per 10,000 pop","Type: Rank",2019,20
"Cyprus","Hospital beds density per 10,000 pop","Type: Value",2024,34
"Cyprus","Hospital beds density per 10,000 pop","Type: Score",2024,3.83333333333333
"Cyprus","Hospital beds density per 10,000 pop","Type: Rank",2024,41
"Cyprus","Hospital beds density per 10,000 pop","Type: Value",2021,34
"Cyprus","Hospital beds density per 10,000 pop","Type: Score",2021,3.83333333333333
"Cyprus","Hospital beds density per 10,000 pop","Type: Rank",2021,41
"Cyprus","Hospital beds density per 10,000 pop","Type: Value",2019,34.3
"Cyprus","Hospital beds density per 10,000 pop","Type: Score",2019,3.85833333333333
"Cyprus","Hospital beds density per 10,000 pop","Type: Rank",2019,40
"Czechia","Hospital beds density per 10,000 pop","Type: Value",2024,66.2
"Czechia","Hospital beds density per 10,000 pop","Type: Score",2024,6.51666666666667
"Czechia","Hospital beds density per 10,000 pop","Type: Rank",2024,9
"Czechia","Hospital beds density per 10,000 pop","Type: Value",2021,66.2
"Czechia","Hospital beds density per 10,000 pop","Type: Score",2021,6.51666666666667
"Czechia","Hospital beds density per 10,000 pop","Type: Rank",2021,9
"Czechia","Hospital beds density per 10,000 pop","Type: Value",2019,66.6
"Czechia","Hospital beds density per 10,000 pop","Type: Score",2019,6.55
"Czechia","Hospital beds density per 10,000 pop","Type: Rank",2019,10
"Denmark","Hospital beds density per 10,000 pop","Type: Value",2024,26
"Denmark","Hospital beds density per 10,000 pop","Type: Score",2024,3.16666666666667
"Denmark","Hospital beds density per 10,000 pop","Type: Rank",2024,55
"Denmark","Hospital beds density per 10,000 pop","Type: Value",2021,26
"Denmark","Hospital beds density per 10,000 pop","Type: Score",2021,3.16666666666667
"Denmark","Hospital beds density per 10,000 pop","Type: Rank",2021,55
"Denmark","Hospital beds density per 10,000 pop","Type: Value",2019,26.1
"Denmark","Hospital beds density per 10,000 pop","Type: Score",2019,3.175
"Denmark","Hospital beds density per 10,000 pop","Type: Rank",2019,56
"Dominican Republic","Hospital beds density per 10,000 pop","Type: Value",2024,15.6
"Dominican Republic","Hospital beds density per 10,000 pop","Type: Score",2024,2.3
"Dominican Republic","Hospital beds density per 10,000 pop","Type: Rank",2024,83
"Dominican Republic","Hospital beds density per 10,000 pop","Type: Value",2021,15.6
"Dominican Republic","Hospital beds density per 10,000 pop","Type: Score",2021,2.3
"Dominican Republic","Hospital beds density per 10,000 pop","Type: Rank",2021,83
"Dominican Republic","Hospital beds density per 10,000 pop","Type: Value",2019,14.4
"Dominican Republic","Hospital beds density per 10,000 pop","Type: Score",2019,2.2
"Dominican Republic","Hospital beds density per 10,000 pop","Type: Rank",2019,86
"Ecuador","Hospital beds density per 10,000 pop","Type: Value",2024,13.9
"Ecuador","Hospital beds density per 10,000 pop","Type: Score",2024,2.15833333333333
"Ecuador","Hospital beds density per 10,000 pop","Type: Rank",2024,90
"Ecuador","Hospital beds density per 10,000 pop","Type: Value",2021,13.9
"Ecuador","Hospital beds density per 10,000 pop","Type: Score",2021,2.15833333333333
"Ecuador","Hospital beds density per 10,000 pop","Type: Rank",2021,90
"Ecuador","Hospital beds density per 10,000 pop","Type: Value",2019,13.9
"Ecuador","Hospital beds density per 10,000 pop","Type: Score",2019,2.15833333333333
"Ecuador","Hospital beds density per 10,000 pop","Type: Rank",2019,90
"Egypt, Arab Rep.","Hospital beds density per 10,000 pop","Type: Value",2024,14.3
"Egypt, Arab Rep.","Hospital beds density per 10,000 pop","Type: Score",2024,2.19166666666667
"Egypt, Arab Rep.","Hospital beds density per 10,000 pop","Type: Rank",2024,88
"Egypt, Arab Rep.","Hospital beds density per 10,000 pop","Type: Value",2021,14.3
"Egypt, Arab Rep.","Hospital beds density per 10,000 pop","Type: Score",2021,2.19166666666667
"Egypt, Arab Rep.","Hospital beds density per 10,000 pop","Type: Rank",2021,88
"Egypt, Arab Rep.","Hospital beds density per 10,000 pop","Type: Value",2019,14.3
"Egypt, Arab Rep.","Hospital beds density per 10,000 pop","Type: Score",2019,2.19166666666667
"Egypt, Arab Rep.","Hospital beds density per 10,000 pop","Type: Rank",2019,87
"El Salvador","Hospital beds density per 10,000 pop","Type: Value",2024,12
"El Salvador","Hospital beds density per 10,000 pop","Type: Score",2024,2
"El Salvador","Hospital beds density per 10,000 pop","Type: Rank",2024,96
"El Salvador","Hospital beds density per 10,000 pop","Type: Value",2021,12
"El Salvador","Hospital beds density per 10,000 pop","Type: Score",2021,2
"El Salvador","Hospital beds density per 10,000 pop","Type: Rank",2021,96
"El Salvador","Hospital beds density per 10,000 pop","Type: Value",2019,10.6
"El Salvador","Hospital beds density per 10,000 pop","Type: Score",2019,1.88333333333333
"El Salvador","Hospital beds density per 10,000 pop","Type: Rank",2019,98
"Estonia","Hospital beds density per 10,000 pop","Type: Value",2024,45.7
"Estonia","Hospital beds density per 10,000 pop","Type: Score",2024,4.80833333333333
"Estonia","Hospital beds density per 10,000 pop","Type: Rank",2024,25
"Estonia","Hospital beds density per 10,000 pop","Type: Value",2021,45.7
"Estonia","Hospital beds density per 10,000 pop","Type: Score",2021,4.80833333333333
"Estonia","Hospital beds density per 10,000 pop","Type: Rank",2021,25
"Estonia","Hospital beds density per 10,000 pop","Type: Value",2019,47.6
"Estonia","Hospital beds density per 10,000 pop","Type: Score",2019,4.96666666666667
"Estonia","Hospital beds density per 10,000 pop","Type: Rank",2019,23
"Finland","Hospital beds density per 10,000 pop","Type: Value",2024,36.1
"Finland","Hospital beds density per 10,000 pop","Type: Score",2024,4.00833333333333
"Finland","Hospital beds density per 10,000 pop","Type: Rank",2024,38
"Finland","Hospital beds density per 10,000 pop","Type: Value",2021,36.1
"Finland","Hospital beds density per 10,000 pop","Type: Score",2021,4.00833333333333
"Finland","Hospital beds density per 10,000 pop","Type: Rank",2021,38
"Finland","Hospital beds density per 10,000 pop","Type: Value",2019,39.7
"Finland","Hospital beds density per 10,000 pop","Type: Score",2019,4.30833333333333
"Finland","Hospital beds density per 10,000 pop","Type: Rank",2019,36
"France","Hospital beds density per 10,000 pop","Type: Value",2024,59.1
"France","Hospital beds density per 10,000 pop","Type: Score",2024,5.925
"France","Hospital beds density per 10,000 pop","Type: Rank",2024,14
"France","Hospital beds density per 10,000 pop","Type: Value",2021,59.1
"France","Hospital beds density per 10,000 pop","Type: Score",2021,5.925
"France","Hospital beds density per 10,000 pop","Type: Rank",2021,14
"France","Hospital beds density per 10,000 pop","Type: Value",2019,60.6
"France","Hospital beds density per 10,000 pop","Type: Score",2019,6.05
"France","Hospital beds density per 10,000 pop","Type: Rank",2019,12
"Georgia","Hospital beds density per 10,000 pop","Type: Value",2024,28.9
"Georgia","Hospital beds density per 10,000 pop","Type: Score",2024,3.40833333333333
"Georgia","Hospital beds density per 10,000 pop","Type: Rank",2024,49
"Georgia","Hospital beds density per 10,000 pop","Type: Value",2021,28.9
"Georgia","Hospital beds density per 10,000 pop","Type: Score",2021,3.40833333333333
"Georgia","Hospital beds density per 10,000 pop","Type: Rank",2021,49
"Georgia","Hospital beds density per 10,000 pop","Type: Value",2019,28.9
"Georgia","Hospital beds density per 10,000 pop","Type: Score",2019,3.40833333333333
"Georgia","Hospital beds density per 10,000 pop","Type: Rank",2019,50
"Germany","Hospital beds density per 10,000 pop","Type: Value",2024,80
"Germany","Hospital beds density per 10,000 pop","Type: Score",2024,7
"Germany","Hospital beds density per 10,000 pop","Type: Rank",2024,3
"Germany","Hospital beds density per 10,000 pop","Type: Value",2021,80
"Germany","Hospital beds density per 10,000 pop","Type: Score",2021,7
"Germany","Hospital beds density per 10,000 pop","Type: Rank",2021,3
"Germany","Hospital beds density per 10,000 pop","Type: Value",2019,80.6
"Germany","Hospital beds density per 10,000 pop","Type: Score",2019,7
"Germany","Hospital beds density per 10,000 pop","Type: Rank",2019,3
"Ghana","Hospital beds density per 10,000 pop","Type: Value",2024,9
"Ghana","Hospital beds density per 10,000 pop","Type: Score",2024,1.75
"Ghana","Hospital beds density per 10,000 pop","Type: Rank",2024,104
"Ghana","Hospital beds density per 10,000 pop","Type: Value",2021,9
"Ghana","Hospital beds density per 10,000 pop","Type: Score",2021,1.75
"Ghana","Hospital beds density per 10,000 pop","Type: Rank",2021,104
"Ghana","Hospital beds density per 10,000 pop","Type: Value",2019,9
"Ghana","Hospital beds density per 10,000 pop","Type: Score",2019,1.75
"Ghana","Hospital beds density per 10,000 pop","Type: Rank",2019,104
"Greece","Hospital beds density per 10,000 pop","Type: Value",2024,42
"Greece","Hospital beds density per 10,000 pop","Type: Score",2024,4.5
"Greece","Hospital beds density per 10,000 pop","Type: Rank",2024,32
"Greece","Hospital beds density per 10,000 pop","Type: Value",2021,42
"Greece","Hospital beds density per 10,000 pop","Type: Score",2021,4.5
"Greece","Hospital beds density per 10,000 pop","Type: Rank",2021,32
"Greece","Hospital beds density per 10,000 pop","Type: Value",2019,42
"Greece","Hospital beds density per 10,000 pop","Type: Score",2019,4.5
"Greece","Hospital beds density per 10,000 pop","Type: Rank",2019,31
"Guatemala","Hospital beds density per 10,000 pop","Type: Value",2024,4.4
"Guatemala","Hospital beds density per 10,000 pop","Type: Score",2024,1.36666666666667
"Guatemala","Hospital beds density per 10,000 pop","Type: Rank",2024,116
"Guatemala","Hospital beds density per 10,000 pop","Type: Value",2021,4.4
"Guatemala","Hospital beds density per 10,000 pop","Type: Score",2021,1.36666666666667
"Guatemala","Hospital beds density per 10,000 pop","Type: Rank",2021,116
"Guatemala","Hospital beds density per 10,000 pop","Type: Value",2019,2.6
"Guatemala","Hospital beds density per 10,000 pop","Type: Score",2019,1.21666666666667
"Guatemala","Hospital beds density per 10,000 pop","Type: Rank",2019,118
"Honduras","Hospital beds density per 10,000 pop","Type: Value",2024,6.4
"Honduras","Hospital beds density per 10,000 pop","Type: Score",2024,1.53333333333333
"Honduras","Hospital beds density per 10,000 pop","Type: Rank",2024,111
"Honduras","Hospital beds density per 10,000 pop","Type: Value",2021,6.4
"Honduras","Hospital beds density per 10,000 pop","Type: Score",2021,1.53333333333333
"Honduras","Hospital beds density per 10,000 pop","Type: Rank",2021,111
"Honduras","Hospital beds density per 10,000 pop","Type: Value",2019,6.4
"Honduras","Hospital beds density per 10,000 pop","Type: Score",2019,1.53333333333333
"Honduras","Hospital beds density per 10,000 pop","Type: Rank",2019,111
"Hungary","Hospital beds density per 10,000 pop","Type: Value",2024,70.1
"Hungary","Hospital beds density per 10,000 pop","Type: Score",2024,6.84166666666667
"Hungary","Hospital beds density per 10,000 pop","Type: Rank",2024,7
"Hungary","Hospital beds density per 10,000 pop","Type: Value",2021,70.1
"Hungary","Hospital beds density per 10,000 pop","Type: Score",2021,6.84166666666667
"Hungary","Hospital beds density per 10,000 pop","Type: Rank",2021,7
"Hungary","Hospital beds density per 10,000 pop","Type: Value",2019,70
"Hungary","Hospital beds density per 10,000 pop","Type: Score",2019,6.83333333333333
"Hungary","Hospital beds density per 10,000 pop","Type: Rank",2019,6
"Iceland","Hospital beds density per 10,000 pop","Type: Value",2024,28.3
"Iceland","Hospital beds density per 10,000 pop","Type: Score",2024,3.35833333333333
"Iceland","Hospital beds density per 10,000 pop","Type: Rank",2024,53
"Iceland","Hospital beds density per 10,000 pop","Type: Value",2021,28.3
"Iceland","Hospital beds density per 10,000 pop","Type: Score",2021,3.35833333333333
"Iceland","Hospital beds density per 10,000 pop","Type: Rank",2021,53
"Iceland","Hospital beds density per 10,000 pop","Type: Value",2019,30.6
"Iceland","Hospital beds density per 10,000 pop","Type: Score",2019,3.55
"Iceland","Hospital beds density per 10,000 pop","Type: Rank",2019,45
"India","Hospital beds density per 10,000 pop","Type: Value",2024,5.3
"India","Hospital beds density per 10,000 pop","Type: Score",2024,1.44166666666667
"India","Hospital beds density per 10,000 pop","Type: Rank",2024,113
"India","Hospital beds density per 10,000 pop","Type: Value",2021,5.3
"India","Hospital beds density per 10,000 pop","Type: Score",2021,1.44166666666667
"India","Hospital beds density per 10,000 pop","Type: Rank",2021,113
"India","Hospital beds density per 10,000 pop","Type: Value",2019,4.8
"India","Hospital beds density per 10,000 pop","Type: Score",2019,1.4
"India","Hospital beds density per 10,000 pop","Type: Rank",2019,115
"Indonesia","Hospital beds density per 10,000 pop","Type: Value",2024,10.4
"Indonesia","Hospital beds density per 10,000 pop","Type: Score",2024,1.86666666666667
"Indonesia","Hospital beds density per 10,000 pop","Type: Rank",2024,98
"Indonesia","Hospital beds density per 10,000 pop","Type: Value",2021,10.4
"Indonesia","Hospital beds density per 10,000 pop","Type: Score",2021,1.86666666666667
"Indonesia","Hospital beds density per 10,000 pop","Type: Rank",2021,98
"Indonesia","Hospital beds density per 10,000 pop","Type: Value",2019,9.9
"Indonesia","Hospital beds density per 10,000 pop","Type: Score",2019,1.825
"Indonesia","Hospital beds density per 10,000 pop","Type: Rank",2019,100
"Iran, Islamic Rep.","Hospital beds density per 10,000 pop","Type: Value",2024,15.6
"Iran, Islamic Rep.","Hospital beds density per 10,000 pop","Type: Score",2024,2.3
"Iran, Islamic Rep.","Hospital beds density per 10,000 pop","Type: Rank",2024,83
"Iran, Islamic Rep.","Hospital beds density per 10,000 pop","Type: Value",2021,15.6
"Iran, Islamic Rep.","Hospital beds density per 10,000 pop","Type: Score",2021,2.3
"Iran, Islamic Rep.","Hospital beds density per 10,000 pop","Type: Rank",2021,83
"Iran, Islamic Rep.","Hospital beds density per 10,000 pop","Type: Value",2019,17
"Iran, Islamic Rep.","Hospital beds density per 10,000 pop","Type: Score",2019,2.41666666666667
"Iran, Islamic Rep.","Hospital beds density per 10,000 pop","Type: Rank",2019,79
"Ireland","Hospital beds density per 10,000 pop","Type: Value",2024,29.7
"Ireland","Hospital beds density per 10,000 pop","Type: Score",2024,3.475
"Ireland","Hospital beds density per 10,000 pop","Type: Rank",2024,47
"Ireland","Hospital beds density per 10,000 pop","Type: Value",2021,29.7
"Ireland","Hospital beds density per 10,000 pop","Type: Score",2021,3.475
"Ireland","Hospital beds density per 10,000 pop","Type: Rank",2021,47
"Ireland","Hospital beds density per 10,000 pop","Type: Value",2019,29.6
"Ireland","Hospital beds density per 10,000 pop","Type: Score",2019,3.46666666666667
"Ireland","Hospital beds density per 10,000 pop","Type: Rank",2019,49
"Israel","Hospital beds density per 10,000 pop","Type: Value",2024,29.8
"Israel","Hospital beds density per 10,000 pop","Type: Score",2024,3.48333333333333
"Israel","Hospital beds density per 10,000 pop","Type: Rank",2024,46
"Israel","Hospital beds density per 10,000 pop","Type: Value",2021,29.8
"Israel","Hospital beds density per 10,000 pop","Type: Score",2021,3.48333333333333
"Israel","Hospital beds density per 10,000 pop","Type: Rank",2021,46
"Israel","Hospital beds density per 10,000 pop","Type: Value",2019,29.9
"Israel","Hospital beds density per 10,000 pop","Type: Score",2019,3.49166666666667
"Israel","Hospital beds density per 10,000 pop","Type: Rank",2019,47
"Italy","Hospital beds density per 10,000 pop","Type: Value",2024,31.4
"Italy","Hospital beds density per 10,000 pop","Type: Score",2024,3.61666666666667
"Italy","Hospital beds density per 10,000 pop","Type: Rank",2024,44
"Italy","Hospital beds density per 10,000 pop","Type: Value",2021,31.4
"Italy","Hospital beds density per 10,000 pop","Type: Score",2021,3.61666666666667
"Italy","Hospital beds density per 10,000 pop","Type: Rank",2021,44
"Italy","Hospital beds density per 10,000 pop","Type: Value",2019,31.7
"Italy","Hospital beds density per 10,000 pop","Type: Score",2019,3.64166666666667
"Italy","Hospital beds density per 10,000 pop","Type: Rank",2019,44
"Jamaica","Hospital beds density per 10,000 pop","Type: Value",2024,17.2
"Jamaica","Hospital beds density per 10,000 pop","Type: Score",2024,2.43333333333333
"Jamaica","Hospital beds density per 10,000 pop","Type: Rank",2024,79
"Jamaica","Hospital beds density per 10,000 pop","Type: Value",2021,17.2
"Jamaica","Hospital beds density per 10,000 pop","Type: Score",2021,2.43333333333333
"Jamaica","Hospital beds density per 10,000 pop","Type: Rank",2021,79
"Jamaica","Hospital beds density per 10,000 pop","Type: Value",2019,17.8
"Jamaica","Hospital beds density per 10,000 pop","Type: Score",2019,2.48333333333333
"Jamaica","Hospital beds density per 10,000 pop","Type: Rank",2019,78
"Japan","Hospital beds density per 10,000 pop","Type: Value",2024,129.8
"Japan","Hospital beds density per 10,000 pop","Type: Score",2024,7
"Japan","Hospital beds density per 10,000 pop","Type: Rank",2024,1
"Japan","Hospital beds density per 10,000 pop","Type: Value",2021,129.8
"Japan","Hospital beds density per 10,000 pop","Type: Score",2021,7
"Japan","Hospital beds density per 10,000 pop","Type: Rank",2021,1
"Japan","Hospital beds density per 10,000 pop","Type: Value",2019,131.1
"Japan","Hospital beds density per 10,000 pop","Type: Score",2019,7
"Japan","Hospital beds density per 10,000 pop","Type: Rank",2019,1
"Jordan","Hospital beds density per 10,000 pop","Type: Value",2024,14.7
"Jordan","Hospital beds density per 10,000 pop","Type: Score",2024,2.225
"Jordan","Hospital beds density per 10,000 pop","Type: Rank",2024,86
"Jordan","Hospital beds density per 10,000 pop","Type: Value",2021,14.7
"Jordan","Hospital beds density per 10,000 pop","Type: Score",2021,2.225
"Jordan","Hospital beds density per 10,000 pop","Type: Rank",2021,86
"Jordan","Hospital beds density per 10,000 pop","Type: Value",2019,14
"Jordan","Hospital beds density per 10,000 pop","Type: Score",2019,2.16666666666667
"Jordan","Hospital beds density per 10,000 pop","Type: Rank",2019,88
"Kazakhstan","Hospital beds density per 10,000 pop","Type: Value",2024,60.6
"Kazakhstan","Hospital beds density per 10,000 pop","Type: Score",2024,6.05
"Kazakhstan","Hospital beds density per 10,000 pop","Type: Rank",2024,12
"Kazakhstan","Hospital beds density per 10,000 pop","Type: Value",2021,60.6
"Kazakhstan","Hospital beds density per 10,000 pop","Type: Score",2021,6.05
"Kazakhstan","Hospital beds density per 10,000 pop","Type: Rank",2021,12
"Kazakhstan","Hospital beds density per 10,000 pop","Type: Value",2019,60.6
"Kazakhstan","Hospital beds density per 10,000 pop","Type: Score",2019,6.05
"Kazakhstan","Hospital beds density per 10,000 pop","Type: Rank",2019,12
"Kenya","Hospital beds density per 10,000 pop","Type: Value",2024,14
"Kenya","Hospital beds density per 10,000 pop","Type: Score",2024,2.16666666666667
"Kenya","Hospital beds density per 10,000 pop","Type: Rank",2024,89
"Kenya","Hospital beds density per 10,000 pop","Type: Value",2021,14
"Kenya","Hospital beds density per 10,000 pop","Type: Score",2021,2.16666666666667
"Kenya","Hospital beds density per 10,000 pop","Type: Rank",2021,89
"Kenya","Hospital beds density per 10,000 pop","Type: Value",2019,14
"Kenya","Hospital beds density per 10,000 pop","Type: Score",2019,2.16666666666667
"Kenya","Hospital beds density per 10,000 pop","Type: Rank",2019,88
"Korea, Rep.","Hospital beds density per 10,000 pop","Type: Value",2024,124.3
"Korea, Rep.","Hospital beds density per 10,000 pop","Type: Score",2024,7
"Korea, Rep.","Hospital beds density per 10,000 pop","Type: Rank",2024,2
"Korea, Rep.","Hospital beds density per 10,000 pop","Type: Value",2021,124.3
"Korea, Rep.","Hospital beds density per 10,000 pop","Type: Score",2021,7
"Korea, Rep.","Hospital beds density per 10,000 pop","Type: Rank",2021,2
"Korea, Rep.","Hospital beds density per 10,000 pop","Type: Value",2019,119.8
"Korea, Rep.","Hospital beds density per 10,000 pop","Type: Score",2019,7
"Korea, Rep.","Hospital beds density per 10,000 pop","Type: Rank",2019,2
"Kuwait","Hospital beds density per 10,000 pop","Type: Value",2024,20.4
"Kuwait","Hospital beds density per 10,000 pop","Type: Score",2024,2.7
"Kuwait","Hospital beds density per 10,000 pop","Type: Rank",2024,71
"Kuwait","Hospital beds density per 10,000 pop","Type: Value",2021,20.4
"Kuwait","Hospital beds density per 10,000 pop","Type: Score",2021,2.7
"Kuwait","Hospital beds density per 10,000 pop","Type: Rank",2021,71
"Kuwait","Hospital beds density per 10,000 pop","Type: Value",2019,20.4
"Kuwait","Hospital beds density per 10,000 pop","Type: Score",2019,2.7
"Kuwait","Hospital beds density per 10,000 pop","Type: Rank",2019,71
"Kyrgyz Republic","Hospital beds density per 10,000 pop","Type: Value",2024,44.1
"Kyrgyz Republic","Hospital beds density per 10,000 pop","Type: Score",2024,4.675
"Kyrgyz Republic","Hospital beds density per 10,000 pop","Type: Rank",2024,28
"Kyrgyz Republic","Hospital beds density per 10,000 pop","Type: Value",2021,44.1
"Kyrgyz Republic","Hospital beds density per 10,000 pop","Type: Score",2021,4.675
"Kyrgyz Republic","Hospital beds density per 10,000 pop","Type: Rank",2021,28
"Kyrgyz Republic","Hospital beds density per 10,000 pop","Type: Value",2019,44.1
"Kyrgyz Republic","Hospital beds density per 10,000 pop","Type: Score",2019,4.675
"Kyrgyz Republic","Hospital beds density per 10,000 pop","Type: Rank",2019,29
"Lao PDR","Hospital beds density per 10,000 pop","Type: Value",2024,15
"Lao PDR","Hospital beds density per 10,000 pop","Type: Score",2024,2.25
"Lao PDR","Hospital beds density per 10,000 pop","Type: Rank",2024,85
"Lao PDR","Hospital beds density per 10,000 pop","Type: Value",2021,15
"Lao PDR","Hospital beds density per 10,000 pop","Type: Score",2021,2.25
"Lao PDR","Hospital beds density per 10,000 pop","Type: Rank",2021,85
"Lao PDR","Hospital beds density per 10,000 pop","Type: Value",2019,15
"Lao PDR","Hospital beds density per 10,000 pop","Type: Score",2019,2.25
"Lao PDR","Hospital beds density per 10,000 pop","Type: Rank",2019,84
"Latvia","Hospital beds density per 10,000 pop","Type: Value",2024,54.9
"Latvia","Hospital beds density per 10,000 pop","Type: Score",2024,5.575
"Latvia","Hospital beds density per 10,000 pop","Type: Rank",2024,20
"Latvia","Hospital beds density per 10,000 pop","Type: Value",2021,54.9
"Latvia","Hospital beds density per 10,000 pop","Type: Score",2021,5.575
"Latvia","Hospital beds density per 10,000 pop","Type: Rank",2021,20
"Latvia","Hospital beds density per 10,000 pop","Type: Value",2019,57.2
"Latvia","Hospital beds density per 10,000 pop","Type: Score",2019,5.76666666666667
"Latvia","Hospital beds density per 10,000 pop","Type: Rank",2019,16
"Lebanon","Hospital beds density per 10,000 pop","Type: Value",2024,27.3
"Lebanon","Hospital beds density per 10,000 pop","Type: Score",2024,3.275
"Lebanon","Hospital beds density per 10,000 pop","Type: Rank",2024,54
"Lebanon","Hospital beds density per 10,000 pop","Type: Value",2021,27.3
"Lebanon","Hospital beds density per 10,000 pop","Type: Score",2021,3.275
"Lebanon","Hospital beds density per 10,000 pop","Type: Rank",2021,54
"Lebanon","Hospital beds density per 10,000 pop","Type: Value",2019,27.3
"Lebanon","Hospital beds density per 10,000 pop","Type: Score",2019,3.275
"Lebanon","Hospital beds density per 10,000 pop","Type: Rank",2019,54
"Lithuania","Hospital beds density per 10,000 pop","Type: Value",2024,64.3
"Lithuania","Hospital beds density per 10,000 pop","Type: Score",2024,6.35833333333333
"Lithuania","Hospital beds density per 10,000 pop","Type: Rank",2024,11
"Lithuania","Hospital beds density per 10,000 pop","Type: Value",2021,64.3
"Lithuania","Hospital beds density per 10,000 pop","Type: Score",2021,6.35833333333333
"Lithuania","Hospital beds density per 10,000 pop","Type: Rank",2021,11
"Lithuania","Hospital beds density per 10,000 pop","Type: Value",2019,66.9
"Lithuania","Hospital beds density per 10,000 pop","Type: Score",2019,6.575
"Lithuania","Hospital beds density per 10,000 pop","Type: Rank",2019,9
"Luxembourg","Hospital beds density per 10,000 pop","Type: Value",2024,42.6
"Luxembourg","Hospital beds density per 10,000 pop","Type: Score",2024,4.55
"Luxembourg","Hospital beds density per 10,000 pop","Type: Rank",2024,31
"Luxembourg","Hospital beds density per 10,000 pop","Type: Value",2021,42.6
"Luxembourg","Hospital beds density per 10,000 pop","Type: Score",2021,4.55
"Luxembourg","Hospital beds density per 10,000 pop","Type: Rank",2021,31
"Luxembourg","Hospital beds density per 10,000 pop","Type: Value",2019,46.6
"Luxembourg","Hospital beds density per 10,000 pop","Type: Score",2019,4.88333333333333
"Luxembourg","Hospital beds density per 10,000 pop","Type: Rank",2019,27
"North Macedonia","Hospital beds density per 10,000 pop","Type: Value",2024,42.8
"North Macedonia","Hospital beds density per 10,000 pop","Type: Score",2024,4.56666666666667
"North Macedonia","Hospital beds density per 10,000 pop","Type: Rank",2024,30
"North Macedonia","Hospital beds density per 10,000 pop","Type: Value",2021,42.8
"North Macedonia","Hospital beds density per 10,000 pop","Type: Score",2021,4.56666666666667
"North Macedonia","Hospital beds density per 10,000 pop","Type: Rank",2021,30
"North Macedonia","Hospital beds density per 10,000 pop","Type: Value",2019,43.7
"North Macedonia","Hospital beds density per 10,000 pop","Type: Score",2019,4.64166666666667
"North Macedonia","Hospital beds density per 10,000 pop","Type: Rank",2019,30
"Malawi","Hospital beds density per 10,000 pop","Type: Value",2024,13
"Malawi","Hospital beds density per 10,000 pop","Type: Score",2024,2.08333333333333
"Malawi","Hospital beds density per 10,000 pop","Type: Rank",2024,92
"Malawi","Hospital beds density per 10,000 pop","Type: Value",2021,13
"Malawi","Hospital beds density per 10,000 pop","Type: Score",2021,2.08333333333333
"Malawi","Hospital beds density per 10,000 pop","Type: Rank",2021,92
"Malawi","Hospital beds density per 10,000 pop","Type: Value",2019,13
"Malawi","Hospital beds density per 10,000 pop","Type: Score",2019,2.08333333333333
"Malawi","Hospital beds density per 10,000 pop","Type: Rank",2019,92
"Malaysia","Hospital beds density per 10,000 pop","Type: Value",2024,18.8
"Malaysia","Hospital beds density per 10,000 pop","Type: Score",2024,2.56666666666667
"Malaysia","Hospital beds density per 10,000 pop","Type: Rank",2024,76
"Malaysia","Hospital beds density per 10,000 pop","Type: Value",2021,18.8
"Malaysia","Hospital beds density per 10,000 pop","Type: Score",2021,2.56666666666667
"Malaysia","Hospital beds density per 10,000 pop","Type: Rank",2021,76
"Malaysia","Hospital beds density per 10,000 pop","Type: Value",2019,16.2
"Malaysia","Hospital beds density per 10,000 pop","Type: Score",2019,2.35
"Malaysia","Hospital beds density per 10,000 pop","Type: Rank",2019,82
"Mali","Hospital beds density per 10,000 pop","Type: Value",2024,1
"Mali","Hospital beds density per 10,000 pop","Type: Score",2024,1.08333333333333
"Mali","Hospital beds density per 10,000 pop","Type: Rank",2024,119
"Mali","Hospital beds density per 10,000 pop","Type: Value",2021,1
"Mali","Hospital beds density per 10,000 pop","Type: Score",2021,1.08333333333333
"Mali","Hospital beds density per 10,000 pop","Type: Rank",2021,119
"Mali","Hospital beds density per 10,000 pop","Type: Value",2019,1
"Mali","Hospital beds density per 10,000 pop","Type: Score",2019,1.08333333333333
"Mali","Hospital beds density per 10,000 pop","Type: Rank",2019,119
"Malta","Hospital beds density per 10,000 pop","Type: Value",2024,44.9
"Malta","Hospital beds density per 10,000 pop","Type: Score",2024,4.74166666666667
"Malta","Hospital beds density per 10,000 pop","Type: Rank",2024,26
"Malta","Hospital beds density per 10,000 pop","Type: Value",2021,44.9
"Malta","Hospital beds density per 10,000 pop","Type: Score",2021,4.74166666666667
"Malta","Hospital beds density per 10,000 pop","Type: Rank",2021,26
"Malta","Hospital beds density per 10,000 pop","Type: Value",2019,46.7
"Malta","Hospital beds density per 10,000 pop","Type: Score",2019,4.89166666666667
"Malta","Hospital beds density per 10,000 pop","Type: Rank",2019,25
"Mauritius","Hospital beds density per 10,000 pop","Type: Value",2024,34
"Mauritius","Hospital beds density per 10,000 pop","Type: Score",2024,3.83333333333333
"Mauritius","Hospital beds density per 10,000 pop","Type: Rank",2024,41
"Mauritius","Hospital beds density per 10,000 pop","Type: Value",2021,34
"Mauritius","Hospital beds density per 10,000 pop","Type: Score",2021,3.83333333333333
"Mauritius","Hospital beds density per 10,000 pop","Type: Rank",2021,41
"Mauritius","Hospital beds density per 10,000 pop","Type: Value",2019,34
"Mauritius","Hospital beds density per 10,000 pop","Type: Score",2019,3.83333333333333
"Mauritius","Hospital beds density per 10,000 pop","Type: Rank",2019,42
"Mexico","Hospital beds density per 10,000 pop","Type: Value",2024,9.8
"Mexico","Hospital beds density per 10,000 pop","Type: Score",2024,1.81666666666667
"Mexico","Hospital beds density per 10,000 pop","Type: Rank",2024,101
"Mexico","Hospital beds density per 10,000 pop","Type: Value",2021,9.8
"Mexico","Hospital beds density per 10,000 pop","Type: Score",2021,1.81666666666667
"Mexico","Hospital beds density per 10,000 pop","Type: Rank",2021,101
"Mexico","Hospital beds density per 10,000 pop","Type: Value",2019,10
"Mexico","Hospital beds density per 10,000 pop","Type: Score",2019,1.83333333333333
"Mexico","Hospital beds density per 10,000 pop","Type: Rank",2019,99
"Moldova","Hospital beds density per 10,000 pop","Type: Value",2024,56.6
"Moldova","Hospital beds density per 10,000 pop","Type: Score",2024,5.71666666666667
"Moldova","Hospital beds density per 10,000 pop","Type: Rank",2024,16
"Moldova","Hospital beds density per 10,000 pop","Type: Value",2021,56.6
"Moldova","Hospital beds density per 10,000 pop","Type: Score",2021,5.71666666666667
"Moldova","Hospital beds density per 10,000 pop","Type: Rank",2021,16
"Moldova","Hospital beds density per 10,000 pop","Type: Value",2019,56.6
"Moldova","Hospital beds density per 10,000 pop","Type: Score",2019,5.71666666666667
"Moldova","Hospital beds density per 10,000 pop","Type: Rank",2019,17
"Mongolia","Hospital beds density per 10,000 pop","Type: Value",2024,80
"Mongolia","Hospital beds density per 10,000 pop","Type: Score",2024,7
"Mongolia","Hospital beds density per 10,000 pop","Type: Rank",2024,3
"Mongolia","Hospital beds density per 10,000 pop","Type: Value",2021,80
"Mongolia","Hospital beds density per 10,000 pop","Type: Score",2021,7
"Mongolia","Hospital beds density per 10,000 pop","Type: Rank",2021,3
"Mongolia","Hospital beds density per 10,000 pop","Type: Value",2019,70
"Mongolia","Hospital beds density per 10,000 pop","Type: Score",2019,6.83333333333333
"Mongolia","Hospital beds density per 10,000 pop","Type: Rank",2019,6
"Montenegro","Hospital beds density per 10,000 pop","Type: Value",2024,38.6
"Montenegro","Hospital beds density per 10,000 pop","Type: Score",2024,4.21666666666667
"Montenegro","Hospital beds density per 10,000 pop","Type: Rank",2024,36
"Montenegro","Hospital beds density per 10,000 pop","Type: Value",2021,38.6
"Montenegro","Hospital beds density per 10,000 pop","Type: Score",2021,4.21666666666667
"Montenegro","Hospital beds density per 10,000 pop","Type: Rank",2021,36
"Montenegro","Hospital beds density per 10,000 pop","Type: Value",2019,39.3
"Montenegro","Hospital beds density per 10,000 pop","Type: Score",2019,4.275
"Montenegro","Hospital beds density per 10,000 pop","Type: Rank",2019,37
"Morocco","Hospital beds density per 10,000 pop","Type: Value",2024,10
"Morocco","Hospital beds density per 10,000 pop","Type: Score",2024,1.83333333333333
"Morocco","Hospital beds density per 10,000 pop","Type: Rank",2024,99
"Morocco","Hospital beds density per 10,000 pop","Type: Value",2021,10
"Morocco","Hospital beds density per 10,000 pop","Type: Score",2021,1.83333333333333
"Morocco","Hospital beds density per 10,000 pop","Type: Rank",2021,99
"Morocco","Hospital beds density per 10,000 pop","Type: Value",2019,11
"Morocco","Hospital beds density per 10,000 pop","Type: Score",2019,1.91666666666667
"Morocco","Hospital beds density per 10,000 pop","Type: Rank",2019,97
"Namibia","Hospital beds density per 10,000 pop","Type: Value",2024,NA
"Namibia","Hospital beds density per 10,000 pop","Type: Score",2024,NA
"Namibia","Hospital beds density per 10,000 pop","Type: Rank",2024,70
"Namibia","Hospital beds density per 10,000 pop","Type: Value",2021,NA
"Namibia","Hospital beds density per 10,000 pop","Type: Score",2021,NA
"Namibia","Hospital beds density per 10,000 pop","Type: Rank",2021,70
"Namibia","Hospital beds density per 10,000 pop","Type: Value",2019,NA
"Namibia","Hospital beds density per 10,000 pop","Type: Score",2019,NA
"Namibia","Hospital beds density per 10,000 pop","Type: Rank",2019,70
"Nepal","Hospital beds density per 10,000 pop","Type: Value",2024,3
"Nepal","Hospital beds density per 10,000 pop","Type: Score",2024,1.25
"Nepal","Hospital beds density per 10,000 pop","Type: Rank",2024,117
"Nepal","Hospital beds density per 10,000 pop","Type: Value",2021,3
"Nepal","Hospital beds density per 10,000 pop","Type: Score",2021,1.25
"Nepal","Hospital beds density per 10,000 pop","Type: Rank",2021,117
"Nepal","Hospital beds density per 10,000 pop","Type: Value",2019,3
"Nepal","Hospital beds density per 10,000 pop","Type: Score",2019,1.25
"Nepal","Hospital beds density per 10,000 pop","Type: Rank",2019,116
"Netherlands","Hospital beds density per 10,000 pop","Type: Value",2024,31.7
"Netherlands","Hospital beds density per 10,000 pop","Type: Score",2024,3.64166666666667
"Netherlands","Hospital beds density per 10,000 pop","Type: Rank",2024,43
"Netherlands","Hospital beds density per 10,000 pop","Type: Value",2021,31.7
"Netherlands","Hospital beds density per 10,000 pop","Type: Score",2021,3.64166666666667
"Netherlands","Hospital beds density per 10,000 pop","Type: Rank",2021,43
"Netherlands","Hospital beds density per 10,000 pop","Type: Value",2019,34.1
"Netherlands","Hospital beds density per 10,000 pop","Type: Score",2019,3.84166666666667
"Netherlands","Hospital beds density per 10,000 pop","Type: Rank",2019,41
"New Zealand","Hospital beds density per 10,000 pop","Type: Value",2024,25.7
"New Zealand","Hospital beds density per 10,000 pop","Type: Score",2024,3.14166666666667
"New Zealand","Hospital beds density per 10,000 pop","Type: Rank",2024,57
"New Zealand","Hospital beds density per 10,000 pop","Type: Value",2021,25.7
"New Zealand","Hospital beds density per 10,000 pop","Type: Score",2021,3.14166666666667
"New Zealand","Hospital beds density per 10,000 pop","Type: Rank",2021,57
"New Zealand","Hospital beds density per 10,000 pop","Type: Value",2019,27.3
"New Zealand","Hospital beds density per 10,000 pop","Type: Score",2019,3.275
"New Zealand","Hospital beds density per 10,000 pop","Type: Rank",2019,54
"Nicaragua","Hospital beds density per 10,000 pop","Type: Value",2024,9.3
"Nicaragua","Hospital beds density per 10,000 pop","Type: Score",2024,1.775
"Nicaragua","Hospital beds density per 10,000 pop","Type: Rank",2024,103
"Nicaragua","Hospital beds density per 10,000 pop","Type: Value",2021,9.3
"Nicaragua","Hospital beds density per 10,000 pop","Type: Score",2021,1.775
"Nicaragua","Hospital beds density per 10,000 pop","Type: Rank",2021,103
"Nicaragua","Hospital beds density per 10,000 pop","Type: Value",2019,9.3
"Nicaragua","Hospital beds density per 10,000 pop","Type: Score",2019,1.775
"Nicaragua","Hospital beds density per 10,000 pop","Type: Rank",2019,103
"Nigeria","Hospital beds density per 10,000 pop","Type: Value",2024,8
"Nigeria","Hospital beds density per 10,000 pop","Type: Score",2024,1.66666666666667
"Nigeria","Hospital beds density per 10,000 pop","Type: Rank",2024,108
"Nigeria","Hospital beds density per 10,000 pop","Type: Value",2021,8
"Nigeria","Hospital beds density per 10,000 pop","Type: Score",2021,1.66666666666667
"Nigeria","Hospital beds density per 10,000 pop","Type: Rank",2021,108
"Nigeria","Hospital beds density per 10,000 pop","Type: Value",2019,8
"Nigeria","Hospital beds density per 10,000 pop","Type: Score",2019,1.66666666666667
"Nigeria","Hospital beds density per 10,000 pop","Type: Rank",2019,108
"Oman","Hospital beds density per 10,000 pop","Type: Value",2024,14.7
"Oman","Hospital beds density per 10,000 pop","Type: Score",2024,2.225
"Oman","Hospital beds density per 10,000 pop","Type: Rank",2024,86
"Oman","Hospital beds density per 10,000 pop","Type: Value",2021,14.7
"Oman","Hospital beds density per 10,000 pop","Type: Score",2021,2.225
"Oman","Hospital beds density per 10,000 pop","Type: Rank",2021,86
"Oman","Hospital beds density per 10,000 pop","Type: Value",2019,14.9
"Oman","Hospital beds density per 10,000 pop","Type: Score",2019,2.24166666666667
"Oman","Hospital beds density per 10,000 pop","Type: Rank",2019,85
"Pakistan","Hospital beds density per 10,000 pop","Type: Value",2024,6.3
"Pakistan","Hospital beds density per 10,000 pop","Type: Score",2024,1.525
"Pakistan","Hospital beds density per 10,000 pop","Type: Rank",2024,112
"Pakistan","Hospital beds density per 10,000 pop","Type: Value",2021,6.3
"Pakistan","Hospital beds density per 10,000 pop","Type: Score",2021,1.525
"Pakistan","Hospital beds density per 10,000 pop","Type: Rank",2021,112
"Pakistan","Hospital beds density per 10,000 pop","Type: Value",2019,6.3
"Pakistan","Hospital beds density per 10,000 pop","Type: Score",2019,1.525
"Pakistan","Hospital beds density per 10,000 pop","Type: Rank",2019,112
"Panama","Hospital beds density per 10,000 pop","Type: Value",2024,22.5
"Panama","Hospital beds density per 10,000 pop","Type: Score",2024,2.875
"Panama","Hospital beds density per 10,000 pop","Type: Rank",2024,63
"Panama","Hospital beds density per 10,000 pop","Type: Value",2021,22.5
"Panama","Hospital beds density per 10,000 pop","Type: Score",2021,2.875
"Panama","Hospital beds density per 10,000 pop","Type: Rank",2021,63
"Panama","Hospital beds density per 10,000 pop","Type: Value",2019,22.5
"Panama","Hospital beds density per 10,000 pop","Type: Score",2019,2.875
"Panama","Hospital beds density per 10,000 pop","Type: Rank",2019,64
"Paraguay","Hospital beds density per 10,000 pop","Type: Value",2024,8.3
"Paraguay","Hospital beds density per 10,000 pop","Type: Score",2024,1.69166666666667
"Paraguay","Hospital beds density per 10,000 pop","Type: Rank",2024,107
"Paraguay","Hospital beds density per 10,000 pop","Type: Value",2021,8.3
"Paraguay","Hospital beds density per 10,000 pop","Type: Score",2021,1.69166666666667
"Paraguay","Hospital beds density per 10,000 pop","Type: Rank",2021,107
"Paraguay","Hospital beds density per 10,000 pop","Type: Value",2019,8.3
"Paraguay","Hospital beds density per 10,000 pop","Type: Score",2019,1.69166666666667
"Paraguay","Hospital beds density per 10,000 pop","Type: Rank",2019,107
"Peru","Hospital beds density per 10,000 pop","Type: Value",2024,15.9
"Peru","Hospital beds density per 10,000 pop","Type: Score",2024,2.325
"Peru","Hospital beds density per 10,000 pop","Type: Rank",2024,82
"Peru","Hospital beds density per 10,000 pop","Type: Value",2021,15.9
"Peru","Hospital beds density per 10,000 pop","Type: Score",2021,2.325
"Peru","Hospital beds density per 10,000 pop","Type: Rank",2021,82
"Peru","Hospital beds density per 10,000 pop","Type: Value",2019,15.9
"Peru","Hospital beds density per 10,000 pop","Type: Score",2019,2.325
"Peru","Hospital beds density per 10,000 pop","Type: Rank",2019,83
"Philippines","Hospital beds density per 10,000 pop","Type: Value",2024,9.9
"Philippines","Hospital beds density per 10,000 pop","Type: Score",2024,1.825
"Philippines","Hospital beds density per 10,000 pop","Type: Rank",2024,100
"Philippines","Hospital beds density per 10,000 pop","Type: Value",2021,9.9
"Philippines","Hospital beds density per 10,000 pop","Type: Score",2021,1.825
"Philippines","Hospital beds density per 10,000 pop","Type: Rank",2021,100
"Philippines","Hospital beds density per 10,000 pop","Type: Value",2019,9.9
"Philippines","Hospital beds density per 10,000 pop","Type: Score",2019,1.825
"Philippines","Hospital beds density per 10,000 pop","Type: Rank",2019,100
"Poland","Hospital beds density per 10,000 pop","Type: Value",2024,65.4
"Poland","Hospital beds density per 10,000 pop","Type: Score",2024,6.45
"Poland","Hospital beds density per 10,000 pop","Type: Rank",2024,10
"Poland","Hospital beds density per 10,000 pop","Type: Value",2021,65.4
"Poland","Hospital beds density per 10,000 pop","Type: Score",2021,6.45
"Poland","Hospital beds density per 10,000 pop","Type: Rank",2021,10
"Poland","Hospital beds density per 10,000 pop","Type: Value",2019,66.4
"Poland","Hospital beds density per 10,000 pop","Type: Score",2019,6.53333333333333
"Poland","Hospital beds density per 10,000 pop","Type: Rank",2019,11
"Portugal","Hospital beds density per 10,000 pop","Type: Value",2024,34.5
"Portugal","Hospital beds density per 10,000 pop","Type: Score",2024,3.875
"Portugal","Hospital beds density per 10,000 pop","Type: Rank",2024,40
"Portugal","Hospital beds density per 10,000 pop","Type: Value",2021,34.5
"Portugal","Hospital beds density per 10,000 pop","Type: Score",2021,3.875
"Portugal","Hospital beds density per 10,000 pop","Type: Rank",2021,40
"Portugal","Hospital beds density per 10,000 pop","Type: Value",2019,33.9
"Portugal","Hospital beds density per 10,000 pop","Type: Score",2019,3.825
"Portugal","Hospital beds density per 10,000 pop","Type: Rank",2019,43
"Qatar","Hospital beds density per 10,000 pop","Type: Value",2024,12.5
"Qatar","Hospital beds density per 10,000 pop","Type: Score",2024,2.04166666666667
"Qatar","Hospital beds density per 10,000 pop","Type: Rank",2024,95
"Qatar","Hospital beds density per 10,000 pop","Type: Value",2021,12.5
"Qatar","Hospital beds density per 10,000 pop","Type: Score",2021,2.04166666666667
"Qatar","Hospital beds density per 10,000 pop","Type: Rank",2021,95
"Qatar","Hospital beds density per 10,000 pop","Type: Value",2019,12
"Qatar","Hospital beds density per 10,000 pop","Type: Score",2019,2
"Qatar","Hospital beds density per 10,000 pop","Type: Rank",2019,95
"Romania","Hospital beds density per 10,000 pop","Type: Value",2024,68.9
"Romania","Hospital beds density per 10,000 pop","Type: Score",2024,6.74166666666667
"Romania","Hospital beds density per 10,000 pop","Type: Rank",2024,8
"Romania","Hospital beds density per 10,000 pop","Type: Value",2021,68.9
"Romania","Hospital beds density per 10,000 pop","Type: Score",2021,6.74166666666667
"Romania","Hospital beds density per 10,000 pop","Type: Rank",2021,8
"Romania","Hospital beds density per 10,000 pop","Type: Value",2019,68.4
"Romania","Hospital beds density per 10,000 pop","Type: Score",2019,6.7
"Romania","Hospital beds density per 10,000 pop","Type: Rank",2019,8
"Rwanda","Hospital beds density per 10,000 pop","Type: Value",2024,18.98
"Rwanda","Hospital beds density per 10,000 pop","Type: Score",2024,2.58166666666667
"Rwanda","Hospital beds density per 10,000 pop","Type: Rank",2024,75
"Rwanda","Hospital beds density per 10,000 pop","Type: Value",2021,18.98
"Rwanda","Hospital beds density per 10,000 pop","Type: Score",2021,2.58166666666667
"Rwanda","Hospital beds density per 10,000 pop","Type: Rank",2021,75
"Rwanda","Hospital beds density per 10,000 pop","Type: Value",2019,18.98
"Rwanda","Hospital beds density per 10,000 pop","Type: Score",2019,2.58166666666667
"Rwanda","Hospital beds density per 10,000 pop","Type: Rank",2019,75
"Saudi Arabia","Hospital beds density per 10,000 pop","Type: Value",2024,22.4
"Saudi Arabia","Hospital beds density per 10,000 pop","Type: Score",2024,2.86666666666667
"Saudi Arabia","Hospital beds density per 10,000 pop","Type: Rank",2024,64
"Saudi Arabia","Hospital beds density per 10,000 pop","Type: Value",2021,22.4
"Saudi Arabia","Hospital beds density per 10,000 pop","Type: Score",2021,2.86666666666667
"Saudi Arabia","Hospital beds density per 10,000 pop","Type: Rank",2021,64
"Saudi Arabia","Hospital beds density per 10,000 pop","Type: Value",2019,22.3
"Saudi Arabia","Hospital beds density per 10,000 pop","Type: Score",2019,2.85833333333333
"Saudi Arabia","Hospital beds density per 10,000 pop","Type: Rank",2019,65
"Senegal","Hospital beds density per 10,000 pop","Type: Value",2024,NA
"Senegal","Hospital beds density per 10,000 pop","Type: Score",2024,NA
"Senegal","Hospital beds density per 10,000 pop","Type: Rank",2024,102
"Senegal","Hospital beds density per 10,000 pop","Type: Value",2021,NA
"Senegal","Hospital beds density per 10,000 pop","Type: Score",2021,NA
"Senegal","Hospital beds density per 10,000 pop","Type: Rank",2021,102
"Senegal","Hospital beds density per 10,000 pop","Type: Value",2019,NA
"Senegal","Hospital beds density per 10,000 pop","Type: Score",2019,NA
"Senegal","Hospital beds density per 10,000 pop","Type: Rank",2019,102
"Serbia","Hospital beds density per 10,000 pop","Type: Value",2024,56.1
"Serbia","Hospital beds density per 10,000 pop","Type: Score",2024,5.675
"Serbia","Hospital beds density per 10,000 pop","Type: Rank",2024,17
"Serbia","Hospital beds density per 10,000 pop","Type: Value",2021,56.1
"Serbia","Hospital beds density per 10,000 pop","Type: Score",2021,5.675
"Serbia","Hospital beds density per 10,000 pop","Type: Rank",2021,17
"Serbia","Hospital beds density per 10,000 pop","Type: Value",2019,55.9
"Serbia","Hospital beds density per 10,000 pop","Type: Score",2019,5.65833333333333
"Serbia","Hospital beds density per 10,000 pop","Type: Rank",2019,19
"Sierra Leone","Hospital beds density per 10,000 pop","Type: Value",2024,NA
"Sierra Leone","Hospital beds density per 10,000 pop","Type: Score",2024,NA
"Sierra Leone","Hospital beds density per 10,000 pop","Type: Rank",2024,115
"Sierra Leone","Hospital beds density per 10,000 pop","Type: Value",2021,NA
"Sierra Leone","Hospital beds density per 10,000 pop","Type: Score",2021,NA
"Sierra Leone","Hospital beds density per 10,000 pop","Type: Rank",2021,115
"Sierra Leone","Hospital beds density per 10,000 pop","Type: Value",2019,NA
"Sierra Leone","Hospital beds density per 10,000 pop","Type: Score",2019,NA
"Sierra Leone","Hospital beds density per 10,000 pop","Type: Rank",2019,114
"Singapore","Hospital beds density per 10,000 pop","Type: Value",2024,24.9
"Singapore","Hospital beds density per 10,000 pop","Type: Score",2024,3.075
"Singapore","Hospital beds density per 10,000 pop","Type: Rank",2024,59
"Singapore","Hospital beds density per 10,000 pop","Type: Value",2021,24.9
"Singapore","Hospital beds density per 10,000 pop","Type: Score",2021,3.075
"Singapore","Hospital beds density per 10,000 pop","Type: Rank",2021,59
"Singapore","Hospital beds density per 10,000 pop","Type: Value",2019,24.8
"Singapore","Hospital beds density per 10,000 pop","Type: Score",2019,3.06666666666667
"Singapore","Hospital beds density per 10,000 pop","Type: Rank",2019,60
"Slovak Republic","Hospital beds density per 10,000 pop","Type: Value",2024,57
"Slovak Republic","Hospital beds density per 10,000 pop","Type: Score",2024,5.75
"Slovak Republic","Hospital beds density per 10,000 pop","Type: Rank",2024,15
"Slovak Republic","Hospital beds density per 10,000 pop","Type: Value",2021,57
"Slovak Republic","Hospital beds density per 10,000 pop","Type: Score",2021,5.75
"Slovak Republic","Hospital beds density per 10,000 pop","Type: Rank",2021,15
"Slovak Republic","Hospital beds density per 10,000 pop","Type: Value",2019,57.8
"Slovak Republic","Hospital beds density per 10,000 pop","Type: Score",2019,5.81666666666667
"Slovak Republic","Hospital beds density per 10,000 pop","Type: Rank",2019,15
"Slovenia","Hospital beds density per 10,000 pop","Type: Value",2024,44.3
"Slovenia","Hospital beds density per 10,000 pop","Type: Score",2024,4.69166666666667
"Slovenia","Hospital beds density per 10,000 pop","Type: Rank",2024,27
"Slovenia","Hospital beds density per 10,000 pop","Type: Value",2021,44.3
"Slovenia","Hospital beds density per 10,000 pop","Type: Score",2021,4.69166666666667
"Slovenia","Hospital beds density per 10,000 pop","Type: Rank",2021,27
"Slovenia","Hospital beds density per 10,000 pop","Type: Value",2019,44.9
"Slovenia","Hospital beds density per 10,000 pop","Type: Score",2019,4.74166666666667
"Slovenia","Hospital beds density per 10,000 pop","Type: Rank",2019,28
"South Africa","Hospital beds density per 10,000 pop","Type: Value",2024,23
"South Africa","Hospital beds density per 10,000 pop","Type: Score",2024,2.91666666666667
"South Africa","Hospital beds density per 10,000 pop","Type: Rank",2024,62
"South Africa","Hospital beds density per 10,000 pop","Type: Value",2021,23
"South Africa","Hospital beds density per 10,000 pop","Type: Score",2021,2.91666666666667
"South Africa","Hospital beds density per 10,000 pop","Type: Rank",2021,62
"South Africa","Hospital beds density per 10,000 pop","Type: Value",2019,23
"South Africa","Hospital beds density per 10,000 pop","Type: Score",2019,2.91666666666667
"South Africa","Hospital beds density per 10,000 pop","Type: Rank",2019,63
"Spain","Hospital beds density per 10,000 pop","Type: Value",2024,29.7
"Spain","Hospital beds density per 10,000 pop","Type: Score",2024,3.475
"Spain","Hospital beds density per 10,000 pop","Type: Rank",2024,47
"Spain","Hospital beds density per 10,000 pop","Type: Value",2021,29.7
"Spain","Hospital beds density per 10,000 pop","Type: Score",2021,3.475
"Spain","Hospital beds density per 10,000 pop","Type: Rank",2021,47
"Spain","Hospital beds density per 10,000 pop","Type: Value",2019,29.7
"Spain","Hospital beds density per 10,000 pop","Type: Score",2019,3.475
"Spain","Hospital beds density per 10,000 pop","Type: Rank",2019,48
"Sri Lanka","Hospital beds density per 10,000 pop","Type: Value",2024,41.5
"Sri Lanka","Hospital beds density per 10,000 pop","Type: Score",2024,4.45833333333333
"Sri Lanka","Hospital beds density per 10,000 pop","Type: Rank",2024,34
"Sri Lanka","Hospital beds density per 10,000 pop","Type: Value",2021,41.5
"Sri Lanka","Hospital beds density per 10,000 pop","Type: Score",2021,4.45833333333333
"Sri Lanka","Hospital beds density per 10,000 pop","Type: Rank",2021,34
"Sri Lanka","Hospital beds density per 10,000 pop","Type: Value",2019,41.5
"Sri Lanka","Hospital beds density per 10,000 pop","Type: Score",2019,4.45833333333333
"Sri Lanka","Hospital beds density per 10,000 pop","Type: Rank",2019,33
"Sweden","Hospital beds density per 10,000 pop","Type: Value",2024,21.4
"Sweden","Hospital beds density per 10,000 pop","Type: Score",2024,2.78333333333333
"Sweden","Hospital beds density per 10,000 pop","Type: Rank",2024,66
"Sweden","Hospital beds density per 10,000 pop","Type: Value",2021,21.4
"Sweden","Hospital beds density per 10,000 pop","Type: Score",2021,2.78333333333333
"Sweden","Hospital beds density per 10,000 pop","Type: Rank",2021,66
"Sweden","Hospital beds density per 10,000 pop","Type: Value",2019,23.4
"Sweden","Hospital beds density per 10,000 pop","Type: Score",2019,2.95
"Sweden","Hospital beds density per 10,000 pop","Type: Rank",2019,62
"Switzerland","Hospital beds density per 10,000 pop","Type: Value",2024,46.3
"Switzerland","Hospital beds density per 10,000 pop","Type: Score",2024,4.85833333333333
"Switzerland","Hospital beds density per 10,000 pop","Type: Rank",2024,24
"Switzerland","Hospital beds density per 10,000 pop","Type: Value",2021,46.3
"Switzerland","Hospital beds density per 10,000 pop","Type: Score",2021,4.85833333333333
"Switzerland","Hospital beds density per 10,000 pop","Type: Rank",2021,24
"Switzerland","Hospital beds density per 10,000 pop","Type: Value",2019,46.9
"Switzerland","Hospital beds density per 10,000 pop","Type: Score",2019,4.90833333333333
"Switzerland","Hospital beds density per 10,000 pop","Type: Rank",2019,24
"Tajikistan","Hospital beds density per 10,000 pop","Type: Value",2024,46.7
"Tajikistan","Hospital beds density per 10,000 pop","Type: Score",2024,4.89166666666667
"Tajikistan","Hospital beds density per 10,000 pop","Type: Rank",2024,23
"Tajikistan","Hospital beds density per 10,000 pop","Type: Value",2021,46.7
"Tajikistan","Hospital beds density per 10,000 pop","Type: Score",2021,4.89166666666667
"Tajikistan","Hospital beds density per 10,000 pop","Type: Rank",2021,23
"Tajikistan","Hospital beds density per 10,000 pop","Type: Value",2019,46.7
"Tajikistan","Hospital beds density per 10,000 pop","Type: Score",2019,4.89166666666667
"Tajikistan","Hospital beds density per 10,000 pop","Type: Rank",2019,25
"Tanzania","Hospital beds density per 10,000 pop","Type: Value",2024,7
"Tanzania","Hospital beds density per 10,000 pop","Type: Score",2024,1.58333333333333
"Tanzania","Hospital beds density per 10,000 pop","Type: Rank",2024,110
"Tanzania","Hospital beds density per 10,000 pop","Type: Value",2021,7
"Tanzania","Hospital beds density per 10,000 pop","Type: Score",2021,1.58333333333333
"Tanzania","Hospital beds density per 10,000 pop","Type: Rank",2021,110
"Tanzania","Hospital beds density per 10,000 pop","Type: Value",2019,7
"Tanzania","Hospital beds density per 10,000 pop","Type: Score",2019,1.58333333333333
"Tanzania","Hospital beds density per 10,000 pop","Type: Rank",2019,110
"Thailand","Hospital beds density per 10,000 pop","Type: Value",2024,21
"Thailand","Hospital beds density per 10,000 pop","Type: Score",2024,2.75
"Thailand","Hospital beds density per 10,000 pop","Type: Rank",2024,67
"Thailand","Hospital beds density per 10,000 pop","Type: Value",2021,21
"Thailand","Hospital beds density per 10,000 pop","Type: Score",2021,2.75
"Thailand","Hospital beds density per 10,000 pop","Type: Rank",2021,67
"Thailand","Hospital beds density per 10,000 pop","Type: Value",2019,21
"Thailand","Hospital beds density per 10,000 pop","Type: Score",2019,2.75
"Thailand","Hospital beds density per 10,000 pop","Type: Rank",2019,69
"Trinidad and Tobago","Hospital beds density per 10,000 pop","Type: Value",2024,30.2
"Trinidad and Tobago","Hospital beds density per 10,000 pop","Type: Score",2024,3.51666666666667
"Trinidad and Tobago","Hospital beds density per 10,000 pop","Type: Rank",2024,45
"Trinidad and Tobago","Hospital beds density per 10,000 pop","Type: Value",2021,30.2
"Trinidad and Tobago","Hospital beds density per 10,000 pop","Type: Score",2021,3.51666666666667
"Trinidad and Tobago","Hospital beds density per 10,000 pop","Type: Rank",2021,45
"Trinidad and Tobago","Hospital beds density per 10,000 pop","Type: Value",2019,30.3
"Trinidad and Tobago","Hospital beds density per 10,000 pop","Type: Score",2019,3.525
"Trinidad and Tobago","Hospital beds density per 10,000 pop","Type: Rank",2019,46
"Tunisia","Hospital beds density per 10,000 pop","Type: Value",2024,21.8
"Tunisia","Hospital beds density per 10,000 pop","Type: Score",2024,2.81666666666667
"Tunisia","Hospital beds density per 10,000 pop","Type: Rank",2024,65
"Tunisia","Hospital beds density per 10,000 pop","Type: Value",2021,21.8
"Tunisia","Hospital beds density per 10,000 pop","Type: Score",2021,2.81666666666667
"Tunisia","Hospital beds density per 10,000 pop","Type: Rank",2021,65
"Tunisia","Hospital beds density per 10,000 pop","Type: Value",2019,21.8
"Tunisia","Hospital beds density per 10,000 pop","Type: Score",2019,2.81666666666667
"Tunisia","Hospital beds density per 10,000 pop","Type: Rank",2019,66
"Turkiye","Hospital beds density per 10,000 pop","Type: Value",2024,28.5
"Turkiye","Hospital beds density per 10,000 pop","Type: Score",2024,3.375
"Turkiye","Hospital beds density per 10,000 pop","Type: Rank",2024,52
"Turkiye","Hospital beds density per 10,000 pop","Type: Value",2021,28.5
"Turkiye","Hospital beds density per 10,000 pop","Type: Score",2021,3.375
"Turkiye","Hospital beds density per 10,000 pop","Type: Rank",2021,52
"Turkiye","Hospital beds density per 10,000 pop","Type: Value",2019,27.5
"Turkiye","Hospital beds density per 10,000 pop","Type: Score",2019,3.29166666666667
"Turkiye","Hospital beds density per 10,000 pop","Type: Rank",2019,53
"United Arab Emirates","Hospital beds density per 10,000 pop","Type: Value",2024,13.8
"United Arab Emirates","Hospital beds density per 10,000 pop","Type: Score",2024,2.15
"United Arab Emirates","Hospital beds density per 10,000 pop","Type: Rank",2024,91
"United Arab Emirates","Hospital beds density per 10,000 pop","Type: Value",2021,13.8
"United Arab Emirates","Hospital beds density per 10,000 pop","Type: Score",2021,2.15
"United Arab Emirates","Hospital beds density per 10,000 pop","Type: Rank",2021,91
"United Arab Emirates","Hospital beds density per 10,000 pop","Type: Value",2019,13.6
"United Arab Emirates","Hospital beds density per 10,000 pop","Type: Score",2019,2.13333333333333
"United Arab Emirates","Hospital beds density per 10,000 pop","Type: Rank",2019,91
"United Kingdom","Hospital beds density per 10,000 pop","Type: Value",2024,24.6
"United Kingdom","Hospital beds density per 10,000 pop","Type: Score",2024,3.05
"United Kingdom","Hospital beds density per 10,000 pop","Type: Rank",2024,60
"United Kingdom","Hospital beds density per 10,000 pop","Type: Value",2021,24.6
"United Kingdom","Hospital beds density per 10,000 pop","Type: Score",2021,3.05
"United Kingdom","Hospital beds density per 10,000 pop","Type: Rank",2021,60
"United Kingdom","Hospital beds density per 10,000 pop","Type: Value",2019,25.4
"United Kingdom","Hospital beds density per 10,000 pop","Type: Score",2019,3.11666666666667
"United Kingdom","Hospital beds density per 10,000 pop","Type: Rank",2019,58
"United States","Hospital beds density per 10,000 pop","Type: Value",2024,28.7
"United States","Hospital beds density per 10,000 pop","Type: Score",2024,3.39166666666667
"United States","Hospital beds density per 10,000 pop","Type: Rank",2024,51
"United States","Hospital beds density per 10,000 pop","Type: Value",2021,28.7
"United States","Hospital beds density per 10,000 pop","Type: Score",2021,3.39166666666667
"United States","Hospital beds density per 10,000 pop","Type: Rank",2021,51
"United States","Hospital beds density per 10,000 pop","Type: Value",2019,27.7
"United States","Hospital beds density per 10,000 pop","Type: Score",2019,3.30833333333333
"United States","Hospital beds density per 10,000 pop","Type: Rank",2019,52
"Uruguay","Hospital beds density per 10,000 pop","Type: Value",2024,24.3
"Uruguay","Hospital beds density per 10,000 pop","Type: Score",2024,3.025
"Uruguay","Hospital beds density per 10,000 pop","Type: Rank",2024,61
"Uruguay","Hospital beds density per 10,000 pop","Type: Value",2021,24.3
"Uruguay","Hospital beds density per 10,000 pop","Type: Score",2021,3.025
"Uruguay","Hospital beds density per 10,000 pop","Type: Rank",2021,61
"Uruguay","Hospital beds density per 10,000 pop","Type: Value",2019,24.8
"Uruguay","Hospital beds density per 10,000 pop","Type: Score",2019,3.06666666666667
"Uruguay","Hospital beds density per 10,000 pop","Type: Rank",2019,60
"Uzbekistan","Hospital beds density per 10,000 pop","Type: Value",2024,39.8
"Uzbekistan","Hospital beds density per 10,000 pop","Type: Score",2024,4.31666666666667
"Uzbekistan","Hospital beds density per 10,000 pop","Type: Rank",2024,35
"Uzbekistan","Hospital beds density per 10,000 pop","Type: Value",2021,39.8
"Uzbekistan","Hospital beds density per 10,000 pop","Type: Score",2021,4.31666666666667
"Uzbekistan","Hospital beds density per 10,000 pop","Type: Rank",2021,35
"Uzbekistan","Hospital beds density per 10,000 pop","Type: Value",2019,39.8
"Uzbekistan","Hospital beds density per 10,000 pop","Type: Score",2019,4.31666666666667
"Uzbekistan","Hospital beds density per 10,000 pop","Type: Rank",2019,35
"Venezuela, RB","Hospital beds density per 10,000 pop","Type: Value",2024,8.7
"Venezuela, RB","Hospital beds density per 10,000 pop","Type: Score",2024,1.725
"Venezuela, RB","Hospital beds density per 10,000 pop","Type: Rank",2024,106
"Venezuela, RB","Hospital beds density per 10,000 pop","Type: Value",2021,8.7
"Venezuela, RB","Hospital beds density per 10,000 pop","Type: Score",2021,1.725
"Venezuela, RB","Hospital beds density per 10,000 pop","Type: Rank",2021,106
"Venezuela, RB","Hospital beds density per 10,000 pop","Type: Value",2019,8.6
"Venezuela, RB","Hospital beds density per 10,000 pop","Type: Score",2019,1.71666666666667
"Venezuela, RB","Hospital beds density per 10,000 pop","Type: Rank",2019,106
"Viet Nam","Hospital beds density per 10,000 pop","Type: Value",2024,26
"Viet Nam","Hospital beds density per 10,000 pop","Type: Score",2024,3.16666666666667
"Viet Nam","Hospital beds density per 10,000 pop","Type: Rank",2024,55
"Viet Nam","Hospital beds density per 10,000 pop","Type: Value",2021,26
"Viet Nam","Hospital beds density per 10,000 pop","Type: Score",2021,3.16666666666667
"Viet Nam","Hospital beds density per 10,000 pop","Type: Rank",2021,55
"Viet Nam","Hospital beds density per 10,000 pop","Type: Value",2019,26
"Viet Nam","Hospital beds density per 10,000 pop","Type: Score",2019,3.16666666666667
"Viet Nam","Hospital beds density per 10,000 pop","Type: Rank",2019,57
"Zambia","Hospital beds density per 10,000 pop","Type: Value",2024,20
"Zambia","Hospital beds density per 10,000 pop","Type: Score",2024,2.66666666666667
"Zambia","Hospital beds density per 10,000 pop","Type: Rank",2024,72
"Zambia","Hospital beds density per 10,000 pop","Type: Value",2021,20
"Zambia","Hospital beds density per 10,000 pop","Type: Score",2021,2.66666666666667
"Zambia","Hospital beds density per 10,000 pop","Type: Rank",2021,72
"Zambia","Hospital beds density per 10,000 pop","Type: Value",2019,20
"Zambia","Hospital beds density per 10,000 pop","Type: Score",2019,2.66666666666667
"Zambia","Hospital beds density per 10,000 pop","Type: Rank",2019,72
"Zimbabwe","Hospital beds density per 10,000 pop","Type: Value",2024,17
"Zimbabwe","Hospital beds density per 10,000 pop","Type: Score",2024,2.41666666666667
"Zimbabwe","Hospital beds density per 10,000 pop","Type: Rank",2024,81
"Zimbabwe","Hospital beds density per 10,000 pop","Type: Value",2021,17
"Zimbabwe","Hospital beds density per 10,000 pop","Type: Score",2021,2.41666666666667
"Zimbabwe","Hospital beds density per 10,000 pop","Type: Rank",2021,81
"Zimbabwe","Hospital beds density per 10,000 pop","Type: Value",2019,17
"Zimbabwe","Hospital beds density per 10,000 pop","Type: Score",2019,2.41666666666667
"Zimbabwe","Hospital beds density per 10,000 pop","Type: Rank",2019,79
"Low income","Hospital beds density per 10,000 pop","Type: Value",2024,9.453
"Low income","Hospital beds density per 10,000 pop","Type: Score",2024,1.78775
"Low income","Hospital beds density per 10,000 pop","Type: Rank",2024,NA
"Low income","Hospital beds density per 10,000 pop","Type: Value",2021,9.453
"Low income","Hospital beds density per 10,000 pop","Type: Score",2021,1.78775
"Low income","Hospital beds density per 10,000 pop","Type: Rank",2021,NA
"Low income","Hospital beds density per 10,000 pop","Type: Value",2019,9.453
"Low income","Hospital beds density per 10,000 pop","Type: Score",2019,1.78775
"Low income","Hospital beds density per 10,000 pop","Type: Rank",2019,NA
"Upper middle income","Hospital beds density per 10,000 pop","Type: Value",2024,29.8314285714286
"Upper middle income","Hospital beds density per 10,000 pop","Type: Score",2024,3.48
"Upper middle income","Hospital beds density per 10,000 pop","Type: Rank",2024,NA
"Upper middle income","Hospital beds density per 10,000 pop","Type: Value",2021,29.8314285714286
"Upper middle income","Hospital beds density per 10,000 pop","Type: Score",2021,3.48
"Upper middle income","Hospital beds density per 10,000 pop","Type: Rank",2021,NA
"Upper middle income","Hospital beds density per 10,000 pop","Type: Value",2019,29.5
"Upper middle income","Hospital beds density per 10,000 pop","Type: Score",2019,3.45666666666667
"Upper middle income","Hospital beds density per 10,000 pop","Type: Rank",2019,NA
"Lower middle income","Hospital beds density per 10,000 pop","Type: Value",2024,17.4156862745098
"Lower middle income","Hospital beds density per 10,000 pop","Type: Score",2024,2.43169934640523
"Lower middle income","Hospital beds density per 10,000 pop","Type: Rank",2024,NA
"Lower middle income","Hospital beds density per 10,000 pop","Type: Value",2021,17.4156862745098
"Lower middle income","Hospital beds density per 10,000 pop","Type: Score",2021,2.43169934640523
"Lower middle income","Hospital beds density per 10,000 pop","Type: Rank",2021,NA
"Lower middle income","Hospital beds density per 10,000 pop","Type: Value",2019,17.1480392156863
"Lower middle income","Hospital beds density per 10,000 pop","Type: Score",2019,2.42900326797386
"Lower middle income","Hospital beds density per 10,000 pop","Type: Rank",2019,NA
"High income","Hospital beds density per 10,000 pop","Type: Value",2024,42.5413043478261
"High income","Hospital beds density per 10,000 pop","Type: Score",2024,4.32989130434783
"High income","Hospital beds density per 10,000 pop","Type: Rank",2024,NA
"High income","Hospital beds density per 10,000 pop","Type: Value",2021,42.5413043478261
"High income","Hospital beds density per 10,000 pop","Type: Score",2021,4.32989130434783
"High income","Hospital beds density per 10,000 pop","Type: Rank",2021,NA
"High income","Hospital beds density per 10,000 pop","Type: Value",2019,43.1869565217391
"High income","Hospital beds density per 10,000 pop","Type: Score",2019,4.3856884057971
"High income","Hospital beds density per 10,000 pop","Type: Rank",2019,NA
