"yr","country","beds","physicians","population","health_spend","mortality"
2024,"Albania",2.89,0,2.714617,0,0
2021,"Albania",2.89,0,2.811666,90147.13,92.1235
2019,"Albania",2.89,1.651,2.854191,76283.32,58.1055
2024,"Algeria",1.9,0,46.814308,0,0
2021,"Algeria",1.9,0,44.761099,0,79.891
2019,"Algeria",1.9,0.987,43.294546,0,81.359
2024,"Argentina",4.99,0,45.696159,0,0
2021,"Argentina",4.99,0,45.312281,112573.50071647,119.058
2019,"Argentina",4.95,4.0685,44.973465,58584.77733097,103.3665
2024,"Armenia",4.2,0,3.0335,0,0
2021,"Armenia",4.2,0,2.9623,160481.086557,172.204
2019,"Armenia",4.2,3.117,2.9625,100409.4316368,117.412
2024,"Australia",3.84,0,27.204809,0,0
2021,"Australia",3.84,3.981,25.685412,260261,0
2019,"Australia",3.84,3.827,25.334826,220997,58.792
2024,"Austria",7.27,0,9.178482,0,0
2021,"Austria",7.27,5.43,8.955797,86856.58,0
2019,"Austria",7.42,5.291,8.87992,71601.67,58.2205
2024,"Azerbaijan",4.82,0,10.20285,0,0
2021,"Azerbaijan",4.82,0,10.13775,1399.6,193.261
2019,"Azerbaijan",4.82,3.111,10.024283,935.52,128.448
2024,"Bahrain",1.74,0,1.58867,0,0
2021,"Bahrain",1.74,0,1.504365,0,57.103
2019,"Bahrain",1.89,0,1.483756,0,53.498
2024,"Bangladesh",0.79,0,173.562364,0,0
2021,"Bangladesh",0.79,0.67,167.658854,0,142.1855
2019,"Bangladesh",0.79,0.627,164.913055,0,123.8315
2024,"Barbados",5.97,0,0.282467,0,0
2021,"Barbados",5.97,2.881,0.282147,0,104.496
2019,"Barbados",5.89,0,0.281207,0,106.3615
2024,"Belgium",5.58,0,11.876844,0,0
2021,"Belgium",5.58,3.241,11.586195,85500.9,63.9425
2019,"Belgium",5.66,3.157,11.48898,71921.2,62.357
2024,"Benin",0.5,0,14.462724,0,0
2021,"Benin",0.5,0.212,13.413417,0,275.907
2019,"Benin",0.5,0.062,12.726755,0,261.276
2024,"Bolivia",1.29,0,12.413315,0,0
2021,"Bolivia",1.29,1.269,11.93736,0,272.9545
2019,"Bolivia",1.27,1.078,11.671386,0,188.8755
2024,"Bosnia and Herzegovina",3.49,0,3.164253,0,0
2021,"Bosnia and Herzegovina",3.49,0,3.244907,0,84.337
2019,"Bosnia and Herzegovina",3.49,2.318,3.345533,0,68.4775
2024,"Botswana",1.8,0,2.521139,0,0
2021,"Botswana",1.8,0.392,2.401441,0,344.635
2019,"Botswana",1.8,0.368,2.332083,0,255.325
2024,"Brazil",2.09,0,211.998573,0,0
2021,"Brazil",2.09,2.142,209.550294,0,169.4735
2019,"Brazil",2.11,2.303,207.455459,0,118.5195
2024,"Bulgaria",7.45,0,6.444366,0,0
2021,"Bulgaria",7.45,4.29,6.507301,15454.532,176.348
2019,"Bulgaria",7.27,4.19,6.616726,10550.622,131.9235
2024,"Cambodia",0.9,0,17.638801,0,0
2021,"Cambodia",0.9,0,16.974305,0,178.515
2019,"Cambodia",0.9,0.214,16.481304,0,165.464
2024,"Cameroon",1.3,0,29.123744,0,0
2021,"Cameroon",1.3,0.124,26.915758,0,310.391
2019,"Cameroon",1.3,0,25.506095,0,282.778
2024,"Canada",2.52,0,41.288599,0,0
2021,"Canada",2.52,2.464,38.239864,230612,77.6855
2019,"Canada",2.53,2.435,37.618495,188187,66.2015
2024,"Chile",2.06,0,19.764771,0,0
2021,"Chile",2.06,2.973,19.456334,0,97.4045
2019,"Chile",2.12,2.649,19.197744,0,81.857
2024,"China",4.31,0,1408.975,0,0
2021,"China",4.31,2.518,1412.36,7801934.39,80.538
2019,"China",4.02,2.258,1407.745,6641715.63,83.5985
2024,"Colombia",1.71,0,52.886363,0,0
2021,"Colombia",1.71,2.451,51.188173,0,161.6615
2019,"Colombia",1.68,2.304,49.907985,0,107.8995
2024,"Costa Rica",1.1,0,5.12991,0,0
2021,"Costa Rica",1.1,2.518,5.059988,2280816.76501723,100.8055
2019,"Costa Rica",1.14,2.337,4.999553,1013342.91428867,77.3265
2024,"Cote d'Ivoire",0.28,0,31.93423,0,0
2021,"Cote d'Ivoire",0.28,0.18,29.639736,0,353.968
2019,"Cote d'Ivoire",0.28,0.16,28.193009,0,337.651
2024,"Croatia",5.54,0,3.8663,0,0
2021,"Croatia",5.54,3.61,3.878981,7974.986,76.997
2019,"Croatia",5.49,6.931,3.94939,6589.242,71.131
2024,"Cyprus",3.4,0,1.358282,0,0
2021,"Cyprus",3.4,3.552,1.317309,2957.4,54.2255
2019,"Cyprus",3.43,3.066,1.286671,1030,54.1815
2024,"Czechia",6.62,0,10.882164,0,0
2021,"Czechia",6.62,4.254,10.505772,1150029,94.119
2019,"Czechia",6.66,4.119,10.67187,847674,79.5325
2024,"Denmark",2.6,0,5.976992,0,0
2021,"Denmark",2.6,0,5.856733,452743,56.681
2019,"Denmark",2.61,4.265,5.814422,383510,58.723
2024,"Dominican Republic",1.56,0,11.427557,0,0
2021,"Dominican Republic",1.56,2.03,11.123476,0,156.9095
2019,"Dominican Republic",1.44,1.433,10.894043,0,145.395
2024,"Ecuador",1.39,0,18.135478,0,0
2021,"Ecuador",1.39,0,17.682454,0,151.987
2019,"Ecuador",1.39,2.32,17.340021,0,111.7545
2024,"Egypt, Arab Rep.",1.43,0,116.538258,0,0
2021,"Egypt, Arab Rep.",1.43,0,110.957008,0,156.5375
2019,"Egypt, Arab Rep.",1.43,0.709,107.553158,0,142.5295
2024,"El Salvador",1.2,0,6.338193,0,0
2021,"El Salvador",1.2,2.913,6.255782,1946.5,213.4875
2019,"El Salvador",1.06,0,6.222318,1423.8,190.4295
2024,"Estonia",4.57,0,1.371986,0,0
2021,"Estonia",4.57,3.438,1.330932,4308.7,0
2019,"Estonia",4.76,3.469,1.326898,3314.4,102.62
2024,"Finland",3.61,0,5.637214,0,0
2021,"Finland",3.61,4.381,5.541017,37962,64.8705
2019,"Finland",3.97,3.567,5.521606,33915,65.526
2024,"France",5.91,0,68.516699,0,0
2021,"France",5.91,3.343,67.842811,454720,69.8695
2019,"France",6.06,3.31,67.382061,382241,69.392
2024,"Georgia",2.89,0,3.67385,0,0
2021,"Georgia",2.89,5.33,3.70861,2700.5,168.435
2019,"Georgia",2.89,7.503,3.720161,1437.9,146.184
2024,"Germany",8,0,83.51095,0,0
2021,"Germany",8,4.518,83.196078,639411,0
2019,"Germany",8.06,4.394,83.092962,501771,65.1015
2024,"Ghana",0.9,0,34.427414,0,0
2021,"Ghana",0.9,0.127,32.518665,0,252.3885
2019,"Ghana",0.9,0.103,31.258945,0,236.5205
2024,"Greece",4.2,0,10.388805,0,0
2021,"Greece",4.2,6.367,10.569207,17844,75.256
2019,"Greece",4.2,6.247,10.721582,15726,61.5595
2024,"Guatemala",0.44,0,18.406359,0,0
2021,"Guatemala",0.44,0,17.59865,22502.57095703,219.1675
2019,"Guatemala",0.26,0,17.103803,19121.66312411,168.0575
2024,"Honduras",0.64,0,10.825703,0,0
2021,"Honduras",0.64,0,10.289877,0,176.096
2019,"Honduras",0.64,0,9.943633,0,138.5795
2024,"Hungary",7.01,0,9.562314,0,0
2021,"Hungary",7.01,3.298,9.630932,6018178.239,0
2019,"Hungary",7,3.493,9.694824,4093436,117.172
2024,"Iceland",2.83,0,0.40461,0,0
2021,"Iceland",2.83,4.405,0.37252,394106.62708662,52.5025
2019,"Iceland",3.06,3.891,0.360563,326884.391085378,54.7975
2024,"India",0.53,0,1450.935791,0,0
2021,"India",0.53,0,1414.203896,0,219.869
2019,"India",0.48,0,1389.030312,0,166.591
2024,"Indonesia",1.04,0,283.487931,0,0
2021,"Indonesia",1.04,0.695,276.758053,585850000.174298,211.94
2019,"Indonesia",0.99,0.467,272.489381,397568047.898508,167.5745
2024,"Iran, Islamic Rep.",1.56,0,91.567738,0,0
2021,"Iran, Islamic Rep.",1.56,0,88.455488,0,115.0605
2019,"Iran, Islamic Rep.",1.7,0,87.051648,0,96.0505
2024,"Ireland",2.97,0,5.380257,0,0
2021,"Ireland",2.97,4.062,5.110585,22435.422,0
2019,"Ireland",2.96,3.343,4.976456,17052.448,56.9845
2024,"Israel",2.98,0,9.9744,0,0
2021,"Israel",2.98,3.654,9.3714,122495.410689628,0
2019,"Israel",2.99,3.542,9.054,103664.287168845,0
2024,"Italy",3.14,0,58.986023,0,0
2021,"Italy",3.14,4.097,59.133173,268703,0
2019,"Italy",3.17,4.051,59.729081,243479,48.5055
2024,"Jamaica",1.72,0,2.839175,0,0
2021,"Jamaica",1.72,0,2.837682,0,178.3475
2019,"Jamaica",1.78,0,2.823271,0,162.3735
2024,"Japan",12.98,0,123.975371,0,0
2021,"Japan",12.98,0,125.681593,105392900,49.9895
2019,"Japan",13.11,0,126.633,90137400,49.929
2024,"Jordan",1.47,0,11.552876,0,0
2021,"Jordan",1.47,0,11.066356,0,102.4345
2019,"Jordan",1.4,2.513,10.671891,0,88.68
2024,"Kazakhstan",6.06,0,20.592571,0,0
2021,"Kazakhstan",6.06,0,19.743603,2826109.7261246,199.675
2019,"Kazakhstan",6.06,3.948,19.209555,1536031.59796984,176.28
2024,"Kenya",1.4,0,56.432944,0,0
2021,"Kenya",1.4,0.098,53.219166,108838.6353528,365.1385
2019,"Kenya",1.4,0,51.202827,92023.5782469499,336.712
2024,"Korea, Rep.",12.43,0,51.751065,0,0
2021,"Korea, Rep.",12.43,2.517,51.769539,0,49.7825
2019,"Korea, Rep.",11.98,2.457,51.764822,0,39.5455
2024,"Kuwait",2.04,0,4.973861,0,0
2021,"Kuwait",2.04,0,4.360865,0,49.512
2019,"Kuwait",2.04,0,4.442316,0,45.6455
2024,"Kyrgyz Republic",4.41,0,7.224614,0,0
2021,"Kyrgyz Republic",4.41,2.145,6.851224,46324.211624,189.1135
2019,"Kyrgyz Republic",4.41,2.168,6.590211,33420.7,172.5615
2024,"Lao PDR",1.5,0,7.769819,0,0
2021,"Lao PDR",1.5,0.327,7.453194,0,174.677
2019,"Lao PDR",1.5,0.364,7.237636,0,174.219
2024,"Latvia",5.49,0,1.862441,0,0
2021,"Latvia",5.49,3.377,1.88449,2565.038,0
2019,"Latvia",5.72,3.263,1.913822,1584.955,147.5565
2024,"Lebanon",2.73,0,5.805962,0,0
2021,"Lebanon",2.73,0,5.718122,0,104.0735
2019,"Lebanon",2.73,2.617,5.794594,0,65.882
2024,"Lithuania",6.43,0,2.888055,0,0
2021,"Lithuania",6.43,4.497,2.80838,6922.859,0
2019,"Lithuania",6.69,4.481,2.811089,5245.836,137.102
2024,"Luxembourg",4.26,0,0.677717,0,0
2021,"Luxembourg",4.26,0,0.640064,7526.516,51.386
2019,"Luxembourg",4.66,0,0.620001,6093.801,52.507
2024,"North Macedonia",4.28,0,1.792179,0,0
2021,"North Macedonia",4.28,0,1.837114,0,101.105
2019,"North Macedonia",4.37,3.059,1.876262,0,68.9675
2024,"Malawi",1.3,0,21.655286,0,0
2021,"Malawi",1.3,0,20.047258,0,325.1095
2019,"Malawi",1.3,0,19.025752,0,306.2385
2024,"Malaysia",1.88,0,35.557673,0,0
2021,"Malaysia",1.88,2.316,34.282399,0,113.8085
2019,"Malaysia",1.62,2.06,33.440596,0,111.3625
2024,"Mali",0.1,0,24.478595,0,0
2021,"Mali",0.1,0,22.38863,0,282.635
2019,"Mali",0.1,0,21.068405,0,259.821
2024,"Malta",4.49,0,0.574346,0,0
2021,"Malta",4.49,4.276,0.51815,997.924,32.346
2019,"Malta",4.67,4.029,0.503912,732.151,37.686
2024,"Mauritius",3.4,0,1.259509,0,0
2021,"Mauritius",3.4,0,1.266334,15093.7,150.588
2019,"Mauritius",3.4,2.538,1.265985,13148.9143576426,124.9315
2024,"Mexico",0.98,0,130.861007,0,0
2021,"Mexico",0.98,2.559,127.648148,0,209.6035
2019,"Mexico",1,2.474,125.762982,0,152.4435
2024,"Moldova",5.66,0,2.389275,0,0
2021,"Moldova",5.66,3.246,2.595809,25242.5,207.318
2019,"Moldova",5.66,3.327,2.664224,16296.9,178.8235
2024,"Mongolia",8,0,3.524788,0,0
2021,"Mongolia",8,3.874,3.383741,977673.97118468,183.8645
2019,"Mongolia",7,3.647,3.267673,990148.6400624,177.066
2024,"Montenegro",3.86,0,0.623831,0,0
2021,"Montenegro",3.86,2.768,0.625053,0,102.0975
2019,"Montenegro",3.93,2.709,0.626753,0,96.319
2024,"Morocco",1,0,38.081173,0,0
2021,"Morocco",1,0,36.954442,0,106.3495
2019,"Morocco",1.1,0,36.210898,0,106.5305
2024,"Nepal",0.3,0,29.651054,0,0
2021,"Nepal",0.3,0.867,29.47501,124962.46703047,185.9815
2019,"Nepal",0.3,0.803,28.414064,0,170.418
2024,"Netherlands",3.17,0,17.994237,0,0
2021,"Netherlands",3.17,3.906,17.533044,138291,57.4465
2019,"Netherlands",3.41,3.751,17.344874,115596,53.7115
2024,"New Zealand",2.57,0,5.3385,0,0
2021,"New Zealand",2.57,3.516,5.1113,25841.5618789496,63.4405
2019,"New Zealand",2.73,3.39,4.9792,20845.28,66.6665
2024,"Nicaragua",0.93,0,6.91614,0,0
2021,"Nicaragua",0.93,0,6.644741,0,143.2845
2019,"Nicaragua",0.93,0,6.483657,0,142.12
2024,"Nigeria",0.8,0,232.679478,0,0
2021,"Nigeria",0.8,0.395,218.529286,0,376.2795
2019,"Nigeria",0.8,0.367,209.485641,0,363.719
2024,"Oman",1.47,0,5.281538,0,0
2021,"Oman",1.47,1.997,4.500424,0,114.8175
2019,"Oman",1.49,2.086,4.591241,0,64.8425
2024,"Pakistan",0.63,0,251.269164,0,0
2021,"Pakistan",0.63,0,239.477801,0,183.124
2019,"Pakistan",0.63,1.084,230.800899,0,171.218
2024,"Panama",2.25,0,4.515577,0,0
2021,"Panama",2.25,1.734,4.345405,0,123.1805
2019,"Panama",2.25,1.638,4.2347,0,115.861
2024,"Paraguay",0.83,0,6.929153,0,0
2021,"Paraguay",0.83,3.242,6.684182,0,188.3585
2019,"Paraguay",0.83,0,6.515058,0,146.8395
2024,"Peru",1.59,0,34.217848,0,0
2021,"Peru",1.59,1.646,33.155882,0,173.05
2019,"Peru",1.59,0,32.449303,0,111.7655
2024,"Philippines",0.99,0,115.84367,0,0
2021,"Philippines",0.99,0.786,113.10095,0,169.0655
2019,"Philippines",0.99,0.735,110.804683,0,133.829
2024,"Poland",6.54,0,36.554707,0,0
2021,"Poland",6.54,3.391,36.981559,351225.08,0
2019,"Poland",6.64,3.256,37.965475,255186.76,108.0135
2024,"Portugal",3.45,0,10.701636,0,0
2021,"Portugal",3.45,5.767,10.361831,17524.109,72.5265
2019,"Portugal",3.39,5.45,10.286263,14746.566,69.82
2024,"Qatar",1.25,0,2.857822,0,0
2021,"Qatar",1.25,0,2.50491,0,51.125
2019,"Qatar",1.2,0,2.638657,0,41.9295
2024,"Romania",6.89,0,19.06934,0,0
2021,"Romania",6.89,3.471,19.122059,136549.5,123.011
2019,"Romania",6.84,3.162,19.371648,113194.9,106.9725
2024,"Rwanda",1.898,0,14.256567,0,0
2021,"Rwanda",1.898,0,13.35526,0,235.658
2019,"Rwanda",1.898,0.116,12.776103,0,232.4785
2024,"Saudi Arabia",2.24,0,35.30028,0,0
2021,"Saudi Arabia",2.24,2.789,30.784383,0,90.3825
2019,"Saudi Arabia",2.23,2.633,30.063799,0,91.1295
2024,"Serbia",5.61,0,6.587202,0,0
2021,"Serbia",5.61,2.837,6.834326,0,106.9275
2019,"Serbia",5.59,0,6.945235,0,91.537
2024,"Singapore",2.49,0,6.03686,0,0
2021,"Singapore",2.49,2.596,5.453566,17927.18282491,44.7245
2019,"Singapore",2.48,2.434,5.703569,11304.09918486,44.3405
2024,"Slovak Republic",5.7,0,5.422069,0,0
2021,"Slovak Republic",5.7,3.68,5.447247,13459.549,0
2019,"Slovak Republic",5.78,3.567,5.454147,10672.285,101
2024,"Slovenia",4.43,0,2.126324,0,0
2021,"Slovenia",4.43,3.326,2.108079,8549.734,0
2019,"Slovenia",4.49,3.224,2.088385,6562.995,62.953
2024,"South Africa",2.3,0,64.007187,0,0
2021,"South Africa",2.3,0.809,61.502603,551898.154,347.129
2019,"South Africa",2.3,0.799,59.587885,479638.06,288.9685
2024,"Spain",2.97,0,48.807137,0,0
2021,"Spain",2.97,4.48,47.443821,171189,54.2805
2019,"Spain",2.97,4.404,47.118501,146351,52.688
2024,"Sri Lanka",4.15,0,21.916,0,0
2021,"Sri Lanka",4.15,1.192,22.156,0,103.8195
2019,"Sri Lanka",4.15,1.137,21.803,0,113.0445
2024,"Sweden",2.14,0,10.569709,0,0
2021,"Sweden",2.14,0,10.415811,797119,47.9475
2019,"Sweden",2.34,4.291,10.278887,707644,47.9345
2024,"Switzerland",4.63,0,9.034102,0,0
2021,"Switzerland",4.63,4.443,8.704546,38208.70282668,44.936
2019,"Switzerland",4.69,4.35,8.57528,31362.32902461,43.4165
2024,"Tajikistan",4.67,0,10.590927,0,0
2021,"Tajikistan",4.67,2.133,9.966908,4894.632351,135.069
2019,"Tajikistan",4.67,2.064,9.529966,0,145.097
2024,"Tanzania",0.7,0,68.560157,0,0
2021,"Tanzania",0.7,0,62.830412,0,222.5495
2019,"Tanzania",0.7,0,59.174891,0,211.5715
2024,"Thailand",2.1,0,71.668011,0,0
2021,"Thailand",2.1,0,71.727332,289706.723144991,120.4865
2019,"Thailand",2.1,0.897,71.522271,219088.29039087,125.6155
2024,"Trinidad and Tobago",3.02,0,1.368333,0,0
2021,"Trinidad and Tobago",3.02,3.412,1.367558,0,163.907
2019,"Trinidad and Tobago",3.03,4.108,1.363985,0,153.7595
2024,"Tunisia",2.18,0,12.277109,0,0
2021,"Tunisia",2.18,1.292,12.048622,0,113.234
2019,"Tunisia",2.18,1.28,11.875081,0,93.999
2024,"Turkiye",2.85,0,85.518661,0,0
2021,"Turkiye",2.85,2.165,84.147318,552949.077352282,92.413
2019,"Turkiye",2.75,1.926,82.57944,356791.554708335,79.539
2024,"United Arab Emirates",1.38,0,10.876981,0,0
2021,"United Arab Emirates",1.38,2.912,9.575152,0,59.6185
2019,"United Arab Emirates",1.36,2.759,9.445785,0,56.2525
2024,"United Kingdom",2.46,0,69.226,0,0
2021,"United Kingdom",2.46,3.171,66.984,229411,79.0265
2019,"United Kingdom",2.54,2.942,66.631,174579,69.4785
2024,"United States",2.87,0,340.110988,0,0
2021,"United States",2.87,3.608,332.09976,3616915,142.265
2019,"United States",2.77,3.518,330.226227,3035039,108.1425
2024,"Uruguay",2.43,0,3.386588,0,0
2021,"Uruguay",2.43,4.508,3.396695,0,133.7385
2019,"Uruguay",2.48,0,3.397206,0,112.677
2024,"Uzbekistan",3.98,0,36.361859,0,0
2021,"Uzbekistan",3.98,2.805,34.243696,40708807.372128,162.254
2019,"Uzbekistan",3.98,2.788,32.964701,24457632.75043,157.201
2024,"Venezuela, RB",0.87,0,28.405543,0,0
2021,"Venezuela, RB",0.87,0,28.237826,0,182.007
2019,"Venezuela, RB",0.86,0,28.938098,0,164.136
2024,"Viet Nam",2.6,0,100.987686,0,0
2021,"Viet Nam",2.6,0,98.935098,0,130.7755
2019,"Viet Nam",2.6,0,97.173776,0,131.8035
2024,"Zambia",2,0,21.314956,0,0
2021,"Zambia",2,0.297,19.603607,0,309.43
2019,"Zambia",2,0.239,18.513839,0,270.4755
2024,"Zimbabwe",1.7,0,16.634373,0,0
2021,"Zimbabwe",1.7,0,15.79721,0,391.3025
2019,"Zimbabwe",1.7,0,15.271368,0,351.716
2024,"Low income",0.9453,0,624.608098,0,0
2021,"Low income",0.9453,0,576.076618,0,259.8249932102
2019,"Low income",0.9453,0,544.980983,0,241.524527758
2024,"Upper middle income",2.98314285714286,0,2818.128105,0,0
2021,"Upper middle income",2.98314285714286,0,2796.326198,0,125.40208516875
2019,"Upper middle income",2.95,0,2770.250954,0,109.17622220925
2024,"Lower middle income",1.74156862745098,0,3120.983658,0,0
2021,"Lower middle income",1.74156862745098,0,3006.243027,0,216.42753774055
2019,"Lower middle income",1.71480392156863,0,2928.617292,0,181.3618749051
2024,"High income",4.25413043478261,0,1417.871275,0,0
2021,"High income",4.25413043478261,0,1391.839631,0,93.869322497
2019,"High income",4.31869565217391,0,1389.779202,0,77.3819177915
2019,"Afghanistan",0,0.214,37.856121,0,248.0145
2020,"Afghanistan",0,0.254,39.068979,0,264.32
2020,"Africa Eastern and Southern",0,0.2181326840624,694.4461,0,267.8586272484
2020,"Africa Western and Central",0,0.249438422939791,474.569351,0,317.38854076955
2020,"Albania",0,1.883,2.837849,75970.46,85.409
2022,"Angola",0,0.244,35.635029,0,273.262
2020,"Arab World",0,1.15456481502405,453.723239,0,142.07334426225
2020,"Argentina",0,3.895,45.191965,81410.89457584,117.664
2022,"Argentina",0,4.082,45.407904,196885.83728623,113.6055
2020,"Australia",0,3.906,25.649248,237469,57.335
2020,"Austria",0,5.324,8.916864,75603.4,0
2022,"Austria",0,5.508,9.041851,88063.22,0
2020,"Azerbaijan",0,3.093,10.093121,1705.7,234.25
2020,"Bangladesh",0,0.656,166.298024,0,136.6625
2020,"Barbados",0,2.626,0.281698,0,105.659
2022,"Barbados",0,2.965,0.282318,0,101.193
2019,"Belarus",0,4.434,9.419758,11072.62859398,0
2020,"Belarus",0,4.47,9.379952,14304.65109091,0
2020,"Belgium",0,3.208,11.538604,79603.6,65.053
2022,"Benin",0,0.195,13.759501,0,274.397
2019,"Bhutan",0,0.335,0.764824,0,137.308
2020,"Bhutan",0,0.484,0.770006,0,134.5825
2021,"Bhutan",0,0.56,0.775442,0,131.9795
2022,"Bhutan",0,0.552,0.780914,0,129.63
2020,"Bolivia",0,0.952,11.816299,0,253.685
2020,"Botswana",0,0.402,2.365894,0,246.773
2022,"Botswana",0,0.378,2.439892,0,249.6075
2021,"Brunei Darussalam",0,1.913,0.451721,0,118.076
2020,"Bulgaria",0,4.249,6.550696,12606.959,150.637
2022,"Bulgaria",0,4.896,6.465097,16709.974,0
2019,"Burkina Faso",0,0.091,20.961952,0,262.313
2020,"Burkina Faso",0,0.096,21.47869,0,271.3835
2021,"Burkina Faso",0,0.101,21.995243,0,285.4785
2022,"Burkina Faso",0,0.147,22.509038,0,279.521
2020,"Burundi",0,0.07,12.617036,0,279.8625
2021,"Burundi",0,0.065,12.965481,0,280.2325
2020,"Cameroon",0,0.097,26.210558,0,297.1735
2022,"Cameroon",0,0.135,27.632771,0,301.9725
2020,"Canada",0,2.433,38.028638,212766,74.065
2022,"Canada",0,2.497,38.935934,239695,0
2020,"Caribbean small states",0,2.16912435763455,4.459302,0,175.172321656
2021,"Central African Republic",0,0.021,5.1121,0,425.3465
2020,"Central Electricity Board (CEB)",0,3.65722095098962,101.215763,0,0
2019,"Chad",0,0.053,16.685223,0,362.0845
2020,"Chad",0,0.06,17.224679,0,376.668
2021,"Chad",0,0.058,17.828273,0,387.7775
2022,"Chad",0,0.085,18.455316,0,383.1085
2020,"Chile",0,2.808,19.370624,0,87.3675
2022,"Chile",0,3.17,19.553036,0,90.9905
2020,"China",0,2.387,1411.1,7460357.31,82.425
2020,"Colombia",0,2.379,50.629997,0,126.74
2020,"Comoros",0,0.439,0.802163,0,224.591
2019,"Congo, Dem. Rep.",0,0.167,92.947442,0,269.8105
2021,"Congo, Dem. Rep.",0,0.177,99.148932,0,295.6085
2022,"Congo, Dem. Rep.",0,0.187,102.396968,0,289.0465
2022,"Congo, Rep.",0,0.175,6.035104,0,287.485
2020,"Costa Rica",0,2.451,5.03432,2186577.3277351,81.635
2022,"Costa Rica",0,2.636,5.081765,2687538,97.5915
2020,"Cote d'Ivoire",0,0.165,28.915449,0,342.679
2022,"Cote d'Ivoire",0,0.175,30.395002,0,347.88
2020,"Croatia",0,6.959,3.914206,7260.125,74.934
2019,"Cuba",0,8.589,11.202846,0,103.2425
2020,"Cuba",0,9.188,11.176354,0,101.889
2021,"Cuba",0,9.429,11.122168,0,140.837
2020,"Cyprus",0,3.364,1.302247,2022.5,55.2925
2020,"Czechia",0,4.16,10.697858,1009532,83.443
2020,"Denmark",0,4.381,5.831404,411376,57.5295
2020,"Dominican Republic",0,1.949,11.0083,0,150.6845
2022,"Dominican Republic",0,2.235,11.230734,0,140.774
2020,"Early-demographic dividend",0,0.998465558935349,3396.051187,0,172.16439111275
2020,"East Asia & Pacific",0,2.05962381656681,2369.438682,0,102.0669115645
2020,"East Asia & Pacific (IDA & IBRD)",0,1.96615076034968,2095.759417,0,106.73810111735
2020,"East Asia & Pacific (excluding high income)",0,1.98716273054109,2121.866294,0,107.20300337605
2020,"Ecuador",0,2.308,17.546065,0,163.7765
2020,"Egypt, Arab Rep.",0,0.683,109.315124,0,145.446
2022,"El Salvador",0,1.552,6.280319,3268,206.2485
2022,"Equatorial Guinea",0,0.143,1.803545,0,278.706
2019,"Eritrea",0,0.071,3.240194,0,202.4495
2020,"Eritrea",0,0.082,3.291271,0,203.139
2021,"Eritrea",0,0.079,3.350183,0,213.3695
2022,"Eritrea",0,0.071,3.409447,0,212.548
2020,"Estonia",0,3.48,1.329522,3737.1,0
2020,"Eswatini",0,0.14,1.192729,0,392.813
2022,"Eswatini",0,1.591,1.218917,0,457.785
2019,"Ethiopia",0,0.051,115.737383,0,213.5235
2020,"Ethiopia",0,0.104,118.917671,0,219.31
2021,"Ethiopia",0,0.101,122.138588,0,227.1835
2022,"Ethiopia",0,0.108,125.384287,0,219.3955
2020,"Euro area",0,4.23225293185916,346.986142,0,62.89847244545
2020,"Europe & Central Asia",0,3.68423718519582,923.973838,0,94.9732418791
2020,"Europe & Central Asia (IDA & IBRD)",0,3.2425107501823,463.151657,0,0
2020,"Europe & Central Asia (excluding high income)",0,2.71782043003932,250.660609,0,144.39654639875
2020,"European Union",0,4.12265415236348,446.870959,0,68.59304379935
2020,"Finland",0,3.611,5.529543,35701,67.129
2020,"Fragile and conflict affected situations",0,0.399781519275678,994.90109,0,260.96084571015
2020,"France",0,3.323,67.60111,406052,69.8995
2019,"Gabon",0,0.61,2.267706,0,229.7835
2020,"Gabon",0,0.594,2.322539,0,225.87
2022,"Gabon",0,0.477,2.430747,0,240.526
2019,"Gambia, The",0,0.075,2.456844,0,247.1325
2020,"Gambia, The",0,0.076,2.515733,0,266.209
2021,"Gambia, The",0,0.102,2.57601,0,278.466
2020,"Georgia",0,5.161,3.722716,1882.1,151.802
2022,"Georgia",0,5.613,3.712502,2224.8,169.7355
2020,"Germany",0,4.459,83.160871,574522,65.6
2020,"Ghana",0,0.164,31.887809,0,245.6555
2022,"Ghana",0,0.141,33.149152,0,250.5655
2020,"Greece",0,6.296,10.698599,16471,68.4905
2020,"Guatemala",0,1.28,17.357325,19521.0363007,187.0275
2022,"Guinea",0,0.021,14.055137,0,282.426
2020,"Guinea-Bissau",0,0.191,2.013255,0,307.44
2021,"Guinea-Bissau",0,0.22,2.058841,0,318.4855
2022,"Guinea-Bissau",0,0.208,2.105529,0,315.6785
2020,"Guyana",0,1.405,0.807481,0,225.7965
2020,"Heavily indebted poor countries (HIPC)",0,0.175855696974443,847.743308,0,256.28632095645
2020,"High income",0,3.581658726849,1393.490142,0,84.4328213618
2020,"Honduras",0,0.489,10.11964,0,155.056
2020,"Hungary",0,3.139,9.670419,5320822,121.4395
2020,"IBRD only",0,1.69455812119909,4878.606096,0,0
2020,"IDA & IBRD total",0,1.37707132594421,6666.779721,0,161.7028830573
2020,"IDA blend",0,0.729728118761076,626.440308,0,0
2020,"IDA only",0,0.355406903900845,1161.733317,0,0
2020,"IDA total",0,0.490627828851603,1788.173625,0,0
2020,"Iceland",0,4.317,0.366463,337333.07555102,54.278
2022,"Iceland",0,4.524,0.382003,435594.805418809,0
2020,"India",0,0.727,1402.617695,0,173.415
2020,"Indonesia",0,0.627,274.814866,526926614.133762,190.51
2022,"Indonesia",0,0.69,278.830529,522701671.311156,201.118
2019,"Iraq",0,0.873,41.192171,0,141.1215
2020,"Iraq",0,0.913,42.116605,0,175.0925
2021,"Iraq",0,0.972,43.071211,0,155.1525
2022,"Iraq",0,1.012,44.070551,0,144.729
2020,"Ireland",0,3.484,5.039747,20646.128,54.9285
2020,"Israel",0,3.584,9.2151,114907.903599582,0
2022,"Israel",0,3.713,9.5575,125624.857102453,0
2020,"Italy",0,3.997,59.438851,258712,51.957
2022,"Italy",0,4.248,59.013667,274710,0
2020,"Japan",0,2.614,126.261,97949300,50.079
2020,"Kazakhstan",0,4.028,19.482117,2375903.3634523,198.316
2022,"Kenya",0,0.102,54.252461,0,354.733
2020,"Korea, Rep.",0,2.508,51.836239,0,52.147
2020,"Kuwait",0,2.293,4.400267,0,64.0325
2020,"Lao PDR",0,0.357,7.346533,0,166.6335
2020,"Late-demographic dividend",0,2.46659151181567,2316.46182,0,97.033062166
2020,"Latin America & Caribbean",0,2.40741011841426,645.497651,0,157.51299507865
2020,"Latin America & Caribbean (IDA & IBRD)",0,2.28318215329993,630.051021,0,158.730521343
2020,"Latin America & Caribbean (excluding high income)",0,2.40738105292152,578.091505,0,159.7800346542
2020,"Latvia",0,3.345,1.900449,1749.566,0
2020,"Least developed countries: UN classification",0,0.290369550324184,1083.636132,0,225.3223535672
2022,"Lesotho",0,0.151,2.28611,0,490.035
2019,"Liberia",0,0.147,5.043721,0,278.0625
2020,"Liberia",0,0.153,5.149463,0,281.0395
2021,"Liberia",0,0.171,5.259323,0,288.6955
2022,"Liberia",0,0.18,5.373294,0,282.6005
2020,"Lithuania",0,4.442,2.810369,6122.911,153.119
2022,"Lithuania",0,5.127,2.831639,0,0
2020,"Low & middle income",0,1.33451312924296,6314.22317,0,161.93009548585
2020,"Low income",0,0.379801166400735,560.643073,0,249.36296661055
2020,"Lower middle income",0,0.714081941637722,2968.398856,0,187.23712361825
2020,"Malawi",0,0.049,19.533888,0,311.062
2022,"Malawi",0,0.049,20.568728,0,325.3275
2020,"Malaysia",0,2.228,33.889558,0,108.7655
2019,"Maldives",0,2.161,0.487731,0,49.0485
2022,"Mali",0,0.195,23.07264,0,277.0595
2020,"Malta",0,4.187,0.51549,935.281,36.2465
2019,"Mauritania",0,0.205,4.467708,0,187.028
2020,"Mauritania",0,0.208,4.600131,0,206.386
2021,"Mauritania",0,0.224,4.734874,0,212.1155
2022,"Mauritania",0,0.236,4.875637,0,208.671
2020,"Mauritius",0,2.658,1.266014,15119.0495234053,149.823
2022,"Mauritius",0,1.197,1.262523,16908.08214408,144.256
2020,"Mexico",0,2.441,126.799054,0,212.3225
2020,"Micronesia, Fed. Sts.",0,0.963,0.110916,34.174672,163.3135
2020,"Middle East & North Africa (IDA & IBRD)",0,1.0497824794182,687.728758,0,135.3310587355
2020,"Middle East & North Africa (excluding high income)",0,1.05797897769467,692.532027,0,135.0215001701
2020,"Middle East and North Africa",0,1.22612603921772,756.405281,0,126.9722758344
2020,"Middle income",0,1.41950395948463,5753.580097,0,153.52547433985
2020,"Moldova",0,4.057,2.63513,18570.8,186.5475
2019,"Monaco",0,8.865,0.038109,0,0
2020,"Monaco",0,8.889,0.03805,0,0
2020,"Mongolia",0,3.774,3.327204,1193089.4328861,172.9865
2020,"Montenegro",0,2.736,0.62659,0,102.579
2022,"Montenegro",0,2.752,0.623591,0,98.149
2019,"Mozambique",0,0.085,29.88438,0,286.3285
2020,"Mozambique",0,0.083,30.783688,0,287.289
2021,"Mozambique",0,0.081,31.7078,0,335.0555
2022,"Mozambique",0,0.082,32.656246,0,325.146
2019,"Myanmar",0,0.751,52.640713,926124.136,205.2375
2019,"Namibia",0,0.368,2.650494,0,340.1185
2020,"Namibia",0,0.416,2.728762,0,340.088
2021,"Namibia",0,0.467,2.810548,0,411.361
2022,"Namibia",0,0.543,2.889662,0,434.6865
2020,"Nepal",0,0.846,28.966574,100930.38,172.7525
2020,"Netherlands",0,3.849,17.4415,125379,54.6745
2020,"New Zealand",0,3.448,5.0902,22437.68,62.21
2022,"New Zealand",0,3.574,5.1171,31192.0344515456,0
2019,"Niger",0,0.038,22.947757,0,217.883
2020,"Niger",0,0.034,23.717613,0,247.829
2022,"Niger",0,0.023,25.311973,0,243.06
2022,"Nigeria",0,0.394,223.150896,0,357.234
2020,"North America",0,3.493689691469,369.67074,0,122.0392955049
2020,"North Macedonia",0,2.964,1.856124,0,85.538
2019,"Norway",0,4.968,5.347896,396134,49.1335
2020,"Norway",0,5.086,5.379475,419330,48.5715
2021,"Norway",0,5.168,5.40832,464310,47.34
2020,"OECD members",0,3.36820545971895,1369.327995,0,98.9321884608
2020,"Oman",0,1.994,4.522497,0,87.5135
2022,"Oman",0,2.058,4.730226,0,100.216
2020,"Other small states",0,2.02358418169122,12.417333,0,145.5344034782
2020,"Palau",0,1.778,0.017792,0,0
2020,"Panama",0,1.629,4.293261,0,119.4535
2019,"Papua New Guinea",0,0.061,9.60901,0,224.969
2021,"Papua New Guinea",0,0.063,10.012896,0,227.2705
2020,"Paraguay",0,1.133,6.603739,0,158.388
2022,"Paraguay",0,3.882,6.760464,0,184.4735
2022,"Peru",0,1.621,33.475438,0,155.803
2020,"Philippines",0,0.752,112.081264,0,130.829
2020,"Poland",0,3.281,37.515748,286649.53,0
2020,"Portugal",0,5.615,10.297081,15938.43,73.1985
2020,"Post-demographic dividend",0,3.67700449434693,1117.025276,0,87.79595957555
2020,"Pre-demographic dividend",0,0.245664903200451,998.624261,0,289.70061086465
2020,"Romania",0,3.298,19.26525,122698.199,112.791
2019,"Russian Federation",0,4.187,145.453291,11752658,0
2020,"Russian Federation",0,3.827,145.245148,10225195,0
2020,"Samoa",0,0.554,0.211944,0,139.3
2021,"Samoa",0,0.548,0.213779,0,139.3715
2019,"Sao Tome and Principe",0,0.489,0.213392,0,226.4285
2020,"Saudi Arabia",0,2.648,31.55251,0,98.347
2022,"Saudi Arabia",0,3.077,32.175224,0,85.94
2019,"Senegal",0,0.09,16.352922,0,172.1245
2020,"Senegal",0,0.084,16.789219,0,179.027
2021,"Senegal",0,0.101,17.220867,0,196.2195
2022,"Senegal",0,0.126,17.651103,0,187.734
2020,"Serbia",0,2.699,6.899126,0,100.0265
2019,"Seychelles",0,2.107,0.097625,0,133.788
2022,"Seychelles",0,3.819,0.119878,0,165.767
2019,"Sierra Leone",0,0.032,7.731991,0,236.335
2020,"Sierra Leone",0,0.07,7.912558,0,249.6125
2022,"Sierra Leone",0,0.043,8.276807,0,244.567
2020,"Singapore",0,2.508,5.685807,15744.2443473,46.4585
2020,"Slovak Republic",0,3.67,5.458827,11277.027,0
2020,"Slovenia",0,3.279,2.102419,7346.483,0
2020,"Small states",0,1.9163143732933,19.472157,0,155.55577961885
2020,"South Asia",0,0.730302721578094,1621.073417,0,171.27439078055
2020,"South Asia (IDA & IBRD)",0,0.730302721578094,1621.073417,0,171.27439078055
2019,"South Sudan",0,0.033,10.423384,0,331.8245
2020,"South Sudan",0,0.043,10.698467,0,338.992
2020,"Spain",0,4.577,47.359424,164675,56.2885
2020,"Sri Lanka",0,1.212,21.919,0,109.0445
2020,"Sub-Saharan Africa",0,0.231025086835824,1169.015451,0,287.4948837142
2020,"Sub-Saharan Africa (IDA & IBRD)",0,0.231025086835824,1169.015451,0,287.4948837142
2020,"Sub-Saharan Africa (excluding high income)",0,0.244840931895355,1049.999318,0,287.50939316305
2021,"Suriname",0,1.478,0.617896,0,199.129
2020,"Sweden",0,4.313,10.353442,740684,48.7595
2020,"Switzerland",0,4.389,8.638167,35284.40216107,44.6305
2020,"Tajikistan",0,2.119,9.74931,0,180.873
2022,"Tanzania",0,0.133,64.711821,0,215.5735
2020,"Thailand",0,0.928,71.641484,222878.885752081,122.461
2019,"Timor-Leste",0,0.776,1.300945,0,174.488
2020,"Timor-Leste",0,0.767,1.326053,0,169.0235
2019,"Togo",0,0.076,8.463068,0,269.427
2020,"Togo",0,0.081,8.66972,0,269.463
2021,"Togo",0,0.059,8.878379,0,260.6295
2022,"Togo",0,0.083,9.089738,0,261.389
2019,"Tonga",0,1.019,0.105669,0,194.761
2020,"Tonga",0,0.95,0.105704,0,194.5615
2021,"Tonga",0,1.009,0.10549,0,193.822
2020,"Trinidad and Tobago",0,4.193,1.366725,0,150.258
2020,"Tunisia",0,1.295,11.974057,0,97.3285
2020,"Turkiye",0,2.036,83.38468,434640.381389006,94.4645
2019,"Turkmenistan",0,2.162,6.803944,0,175.0035
2020,"Turkmenistan",0,2.179,6.949912,0,177.1895
2021,"Turkmenistan",0,2.144,7.092043,0,169.4415
2020,"Tuvalu",0,1.261,0.010399,0,300.6285
2020,"Uganda",0,0.158,44.457152,0,291.1885
2022,"Uganda",0,0.168,47.312719,0,279.7815
2020,"United Arab Emirates",0,2.879,9.401038,0,59.196
2020,"United Kingdom",0,3.041,66.744,213498,75.9225
2022,"United Kingdom",0,3.174,67.604,229124,0
2020,"United States",0,3.555,331.57772,3308404,127.629
2020,"Upper middle income",0,2.18406678701805,2785.181241,0,120.2010745716
2022,"Uruguay",0,4.63,3.390913,0,108.278
2020,"Uzbekistan",0,2.784,33.586372,35912884.7609,169.5315
2019,"Vanuatu",0,0.158,0.291985,0,172.5555
2020,"World",0,1.71183548730133,7855.07506,0,149.88043230505
2020,"Zambia",0,0.255,19.059395,0,279.139
2022,"Zambia",0,0.262,20.152938,0,300.968
2020,"Zimbabwe",0,0.189,15.526888,0,353.827
2022,"Zimbabwe",0,0.166,16.069056,0,387.3745
2021,"Afghanistan",0,0,40.000412,0,278.1995
2022,"Afghanistan",0,0,40.578842,0,266.29
2023,"Afghanistan",0,0,41.454761,0,0
2024,"Afghanistan",0,0,42.647492,0,0
2019,"Africa Eastern and Southern",0,0,675.950189,0,260.70781029035
2021,"Africa Eastern and Southern",0,0,713.090928,0,285.21308254575
2022,"Africa Eastern and Southern",0,0,731.821393,0,279.5111088274
2023,"Africa Eastern and Southern",0,0,750.503764,0,0
2024,"Africa Eastern and Southern",0,0,769.294618,0,0
2019,"Africa Western and Central",0,0,463.365429,0,309.3792592922
2021,"Africa Western and Central",0,0,485.920997,0,325.91945864995
2022,"Africa Western and Central",0,0,497.38718,0,314.8773641699
2023,"Africa Western and Central",0,0,509.398589,0,0
2024,"Africa Western and Central",0,0,521.764076,0,0
2022,"Albania",0,0,2.777689,93235.5,89.1965
2023,"Albania",0,0,2.745972,96046.53,0
2020,"Algeria",0,0,44.042091,0,98.3375
2022,"Algeria",0,0,45.477389,0,77.655
2023,"Algeria",0,0,46.164219,0,0
2019,"American Samoa",0,0,0.050209,0,0
2020,"American Samoa",0,0,0.049761,0,0
2021,"American Samoa",0,0,0.049225,0,0
2022,"American Samoa",0,0,0.048342,0,0
2023,"American Samoa",0,0,0.047521,0,0
2024,"American Samoa",0,0,0.046765,0,0
2019,"Andorra",0,0,0.076474,0,0
2020,"Andorra",0,0,0.07738,0,0
2021,"Andorra",0,0,0.078364,0,0
2022,"Andorra",0,0,0.079705,0,0
2023,"Andorra",0,0,0.080856,0,0
2024,"Andorra",0,0,0.081938,0,0
2019,"Angola",0,0,32.375632,0,259.9745
2020,"Angola",0,0,33.451132,0,263.063
2021,"Angola",0,0,34.532429,0,279.228
2023,"Angola",0,0,36.749906,0,0
2024,"Angola",0,0,37.885849,0,0
2019,"Antigua and Barbuda",0,0,0.091364,0,83.8855
2020,"Antigua and Barbuda",0,0,0.091846,0,81.2735
2021,"Antigua and Barbuda",0,0,0.092349,0,78.6435
2022,"Antigua and Barbuda",0,0,0.09284,0,82.82
2023,"Antigua and Barbuda",0,0,0.093316,0,0
2024,"Antigua and Barbuda",0,0,0.093772,0,0
2019,"Arab World",0,0,444.281315,0,133.47869529245
2021,"Arab World",0,0,460.646603,0,144.41431504045
2022,"Arab World",0,0,471.352066,0,142.3890752321
2023,"Arab World",0,0,482.105978,0,0
2024,"Arab World",0,0,492.579811,0,0
2023,"Argentina",0,0,45.538401,0,0
2020,"Armenia",0,0,2.9615,147544.7455727,167.625
2022,"Armenia",0,0,2.9692,142386.1172008,152.4795
2023,"Armenia",0,0,2.9643,143159.464898,0
2019,"Aruba",0,0,0.109203,0,91.174
2020,"Aruba",0,0,0.108587,0,91.8905
2021,"Aruba",0,0,0.1077,0,105.4155
2022,"Aruba",0,0,0.10731,0,102.581
2023,"Aruba",0,0,0.107359,0,0
2024,"Aruba",0,0,0.107624,0,0
2022,"Australia",0,0,26.014399,289616,0
2023,"Australia",0,0,26.652777,0,0
2023,"Austria",0,0,9.131761,0,0
2022,"Azerbaijan",0,0,10.141756,1433.026,125.814
2023,"Azerbaijan",0,0,10.153958,0,0
2019,"Bahamas, The",0,0,0.394675,0,196.849
2020,"Bahamas, The",0,0,0.395863,0,183.5305
2021,"Bahamas, The",0,0,0.396373,0,197.5495
2022,"Bahamas, The",0,0,0.397538,0,170.265
2023,"Bahamas, The",0,0,0.39944,0,0
2024,"Bahamas, The",0,0,0.401283,0,0
2020,"Bahrain",0,0,1.472204,0,55.173
2022,"Bahrain",0,0,1.524693,0,55.082
2023,"Bahrain",0,0,1.577059,0,0
2022,"Bangladesh",0,0,169.384897,0,118.795
2023,"Bangladesh",0,0,171.46699,0,0
2023,"Barbados",0,0,0.282336,0,0
2021,"Belarus",0,0,9.302585,17095.29519357,0
2022,"Belarus",0,0,9.228071,17577.02876216,0
2023,"Belarus",0,0,9.178298,21059.90587791,0
2024,"Belarus",0,0,9.133712,0,0
2022,"Belgium",0,0,11.68021,0,62.4555
2023,"Belgium",0,0,11.787423,0,0
2019,"Belize",0,0,0.385829,0,147.271
2020,"Belize",0,0,0.390812,0,185.942
2021,"Belize",0,0,0.395346,0,216.628
2022,"Belize",0,0,0.402733,0,203.2075
2023,"Belize",0,0,0.411106,0,0
2024,"Belize",0,0,0.417072,0,0
2020,"Benin",0,0,13.070169,0,267.5675
2023,"Benin",0,0,14.111034,0,0
2019,"Bermuda",0,0,0.064107,0,70.6115
2020,"Bermuda",0,0,0.064382,0,69.4845
2021,"Bermuda",0,0,0.064648,0,95.5485
2022,"Bermuda",0,0,0.064749,0,71.412
2023,"Bermuda",0,0,0.064698,0,0
2024,"Bermuda",0,0,0.064636,0,0
2023,"Bhutan",0,0,0.786385,0,0
2024,"Bhutan",0,0,0.791524,0,0
2022,"Bolivia",0,0,12.077154,0,246.1395
2023,"Bolivia",0,0,12.244159,0,0
2020,"Bosnia and Herzegovina",0,0,3.299349,0,74.963
2022,"Bosnia and Herzegovina",0,0,3.204802,0,84.35
2023,"Bosnia and Herzegovina",0,0,3.185073,0,0
2023,"Botswana",0,0,2.480244,0,0
2020,"Brazil",0,0,208.660842,0,142.568
2022,"Brazil",0,0,210.306415,0,156.3195
2023,"Brazil",0,0,211.140729,0,0
2019,"British Virgin Islands",0,0,0.036395,0,85.7565
2020,"British Virgin Islands",0,0,0.037135,0,86.0315
2021,"British Virgin Islands",0,0,0.037809,0,99.7985
2022,"British Virgin Islands",0,0,0.038319,0,82.552
2023,"British Virgin Islands",0,0,0.038985,0,0
2024,"British Virgin Islands",0,0,0.039471,0,0
2019,"Brunei Darussalam",0,0,0.44268,0,120.5
2020,"Brunei Darussalam",0,0,0.447404,0,119.3645
2022,"Brunei Darussalam",0,0,0.45537,0,118.979
2023,"Brunei Darussalam",0,0,0.458949,0,0
2024,"Brunei Darussalam",0,0,0.462721,0,0
2023,"Bulgaria",0,0,6.446596,0,0
2023,"Burkina Faso",0,0,23.025776,0,0
2024,"Burkina Faso",0,0,23.548781,0,0
2019,"Burundi",0,0,12.255336,0,265.396
2022,"Burundi",0,0,13.321097,0,276.3375
2023,"Burundi",0,0,13.68945,0,0
2024,"Burundi",0,0,14.047786,0,0
2019,"Cabo Verde",0,0,0.514104,0,121.9485
2020,"Cabo Verde",0,0,0.514679,0,130.8325
2021,"Cabo Verde",0,0,0.516649,0,138.92
2022,"Cabo Verde",0,0,0.519741,0,132.634
2023,"Cabo Verde",0,0,0.522331,0,0
2024,"Cabo Verde",0,0,0.524877,0,0
2020,"Cambodia",0,0,16.725474,0,167.7485
2022,"Cambodia",0,0,17.201724,0,174.9685
2023,"Cambodia",0,0,17.42388,0,0
2023,"Cameroon",0,0,28.372687,0,0
2023,"Canada",0,0,40.083484,253196,0
2019,"Caribbean small states",0,0,4.443134,0,171.8567581402
2021,"Caribbean small states",0,0,4.479167,0,200.4452404392
2022,"Caribbean small states",0,0,4.49731,0,193.6700927848
2023,"Caribbean small states",0,0,4.519904,0,0
2024,"Caribbean small states",0,0,4.53906,0,0
2019,"Cayman Islands",0,0,0.067327,0,0
2020,"Cayman Islands",0,0,0.068684,0,0
2021,"Cayman Islands",0,0,0.070108,0,0
2022,"Cayman Islands",0,0,0.071591,0,0
2023,"Cayman Islands",0,0,0.073038,0,0
2024,"Cayman Islands",0,0,0.074457,0,0
2019,"Central African Republic",0,0,4.944703,0,394.265
2020,"Central African Republic",0,0,5.026628,0,407.99
2022,"Central African Republic",0,0,5.098039,0,418.995
2023,"Central African Republic",0,0,5.152421,0,0
2024,"Central African Republic",0,0,5.33069,0,0
2019,"Central Electricity Board (CEB)",0,0,101.864274,0,106.00473782835
2021,"Central Electricity Board (CEB)",0,0,100.205732,0,0
2022,"Central Electricity Board (CEB)",0,0,100.071871,0,0
2023,"Central Electricity Board (CEB)",0,0,100.175859,0,0
2024,"Central Electricity Board (CEB)",0,0,100.050066,0,0
2023,"Chad",0,0,19.319064,0,0
2024,"Chad",0,0,20.299123,0,0
2019,"Channel Islands",0,0,0.165639,0,49.5675
2020,"Channel Islands",0,0,0.166235,0,50.2265
2021,"Channel Islands",0,0,0.166741,0,50.393
2022,"Channel Islands",0,0,0.167215,0,48.505
2023,"Channel Islands",0,0,0.167691,0,0
2024,"Channel Islands",0,0,0.168126,0,0
2023,"Chile",0,0,19.658835,0,0
2022,"China",0,0,1412.175,8654457.06,78.978
2023,"China",0,0,1410.71,0,0
2022,"Colombia",0,0,51.737944,0,148.5295
2023,"Colombia",0,0,52.321152,0,0
2019,"Comoros",0,0,0.786578,0,227.775
2021,"Comoros",0,0,0.818174,0,241.031
2022,"Comoros",0,0,0.834188,0,236.5895
2023,"Comoros",0,0,0.850387,0,0
2024,"Comoros",0,0,0.866628,0,0
2020,"Congo, Dem. Rep.",0,0,95.989998,0,280.959
2023,"Congo, Dem. Rep.",0,0,105.789731,0,0
2024,"Congo, Dem. Rep.",0,0,109.276265,0,0
2019,"Congo, Rep.",0,0,5.616661,0,289.8565
2020,"Congo, Rep.",0,0,5.752791,0,276.687
2021,"Congo, Rep.",0,0,5.892183,0,282.0035
2023,"Congo, Rep.",0,0,6.182885,0,0
2024,"Congo, Rep.",0,0,6.332961,0,0
2023,"Costa Rica",0,0,5.105525,0,0
2023,"Cote d'Ivoire",0,0,31.165654,0,0
2022,"Croatia",0,0,3.855641,8450.354,70.259
2023,"Croatia",0,0,3.859686,0,0
2022,"Cuba",0,0,11.05982,0,98.4225
2023,"Cuba",0,0,11.019931,0,0
2024,"Cuba",0,0,10.979783,0,0
2019,"Curacao",0,0,0.157441,0,101.1225
2020,"Curacao",0,0,0.154947,0,101.177
2021,"Curacao",0,0,0.152369,0,107.724
2022,"Curacao",0,0,0.149996,0,97.1415
2023,"Curacao",0,0,0.1558,0,0
2024,"Curacao",0,0,0.1559,0,0
2022,"Cyprus",0,0,1.33137,3035.9,52.513
2023,"Cyprus",0,0,1.344976,0,0
2022,"Czechia",0,0,10.672118,1169351,0
2023,"Czechia",0,0,10.864042,0,0
2022,"Denmark",0,0,5.903037,443530,56.515
2023,"Denmark",0,0,5.946952,0,0
2019,"Djibouti",0,0,1.088709,0,250.9365
2020,"Djibouti",0,0,1.105188,0,257.3155
2021,"Djibouti",0,0,1.121248,0,266.6055
2022,"Djibouti",0,0,1.137096,0,260.049
2023,"Djibouti",0,0,1.152944,0,0
2024,"Djibouti",0,0,1.168722,0,0
2019,"Dominica",0,0,0.06788,0,135.781
2020,"Dominica",0,0,0.067573,0,135.1595
2021,"Dominica",0,0,0.067202,0,140.3705
2022,"Dominica",0,0,0.066826,0,139.6665
2023,"Dominica",0,0,0.06651,0,0
2024,"Dominica",0,0,0.066205,0,0
2023,"Dominican Republic",0,0,11.331265,0,0
2019,"Early-demographic dividend",0,0,3355.014793,0,160.5764912364
2021,"Early-demographic dividend",0,0,3432.026092,0,197.9014630302
2022,"Early-demographic dividend",0,0,3470.644834,0,185.44016271285
2023,"Early-demographic dividend",0,0,3511.60765,0,0
2024,"Early-demographic dividend",0,0,3552.278604,0,0
2019,"East Asia & Pacific",0,0,2359.77109,0,100.77815111995
2021,"East Asia & Pacific",0,0,2375.144416,0,107.0511438791
2022,"East Asia & Pacific",0,0,2379.648196,0,104.9563518891
2023,"East Asia & Pacific",0,0,2384.47934,0,0
2024,"East Asia & Pacific",0,0,2388.378491,0,0
2019,"East Asia & Pacific (IDA & IBRD)",0,0,2086.281644,0,105.59437607645
2021,"East Asia & Pacific (IDA & IBRD)",0,0,2102.350702,0,111.7413098336
2022,"East Asia & Pacific (IDA & IBRD)",0,0,2107.261123,0,106.62383101185
2023,"East Asia & Pacific (IDA & IBRD)",0,0,2111.139152,0,0
2024,"East Asia & Pacific (IDA & IBRD)",0,0,2114.653077,0,0
2019,"East Asia & Pacific (excluding high income)",0,0,2112.289891,0,106.0707407301
2021,"East Asia & Pacific (excluding high income)",0,0,2128.553744,0,112.15672354145
2022,"East Asia & Pacific (excluding high income)",0,0,2133.560408,0,107.01586051065
2023,"East Asia & Pacific (excluding high income)",0,0,2137.527754,0,0
2024,"East Asia & Pacific (excluding high income)",0,0,2141.122258,0,0
2022,"Ecuador",0,0,17.823897,0,103.853
2023,"Ecuador",0,0,17.980083,0,0
2022,"Egypt, Arab Rep.",0,0,112.61825,0,157.314
2023,"Egypt, Arab Rep.",0,0,114.535772,0,0
2020,"El Salvador",0,0,6.234673,1567.5,208.8045
2023,"El Salvador",0,0,6.309624,2667.1,0
2019,"Equatorial Guinea",0,0,1.670177,0,260.7295
2020,"Equatorial Guinea",0,0,1.716468,0,280.6365
2021,"Equatorial Guinea",0,0,1.758786,0,286.2535
2023,"Equatorial Guinea",0,0,1.847549,0,0
2024,"Equatorial Guinea",0,0,1.892516,0,0
2023,"Eritrea",0,0,3.47039,0,0
2024,"Eritrea",0,0,3.535603,0,0
2022,"Estonia",0,0,1.34884,4464.4,0
2023,"Estonia",0,0,1.370286,0,0
2019,"Eswatini",0,0,1.179874,0,378.8835
2021,"Eswatini",0,0,1.206593,0,444.6805
2023,"Eswatini",0,0,1.230506,0,0
2024,"Eswatini",0,0,1.242822,0,0
2023,"Ethiopia",0,0,128.691692,0,0
2024,"Ethiopia",0,0,132.059767,0,0
2019,"Euro area",0,0,346.496601,0,62.0905042942
2021,"Euro area",0,0,347.207191,0,0
2022,"Euro area",0,0,348.700885,0,0
2023,"Euro area",0,0,350.292725,0,0
2024,"Euro area",0,0,351.125804,0,0
2019,"Europe & Central Asia",0,0,922.218554,0,86.0336775433
2021,"Europe & Central Asia",0,0,924.702975,0,0
2022,"Europe & Central Asia",0,0,925.061269,0,0
2023,"Europe & Central Asia",0,0,925.640799,0,0
2024,"Europe & Central Asia",0,0,928.465742,0,0
2019,"Europe & Central Asia (IDA & IBRD)",0,0,462.219596,0,0
2021,"Europe & Central Asia (IDA & IBRD)",0,0,463.426293,0,0
2022,"Europe & Central Asia (IDA & IBRD)",0,0,461.268322,0,0
2023,"Europe & Central Asia (IDA & IBRD)",0,0,458.932506,0,0
2024,"Europe & Central Asia (IDA & IBRD)",0,0,459.954508,0,0
2019,"Europe & Central Asia (excluding high income)",0,0,248.863066,0,121.24218900035
2021,"Europe & Central Asia (excluding high income)",0,0,252.189631,0,142.52365427095
2022,"Europe & Central Asia (excluding high income)",0,0,250.8404,0,137.3164418137
2023,"Europe & Central Asia (excluding high income)",0,0,249.053262,0,0
2024,"Europe & Central Asia (excluding high income)",0,0,250.485944,0,0
2019,"European Union",0,0,446.910453,0,70.4799210463
2021,"European Union",0,0,446.227358,0,0
2022,"European Union",0,0,447.703403,0,0
2023,"European Union",0,0,449.425965,0,0
2024,"European Union",0,0,450.185396,0,0
2019,"Faroe Islands",0,0,0.051793,0,0
2020,"Faroe Islands",0,0,0.052567,0,0
2021,"Faroe Islands",0,0,0.053305,0,0
2022,"Faroe Islands",0,0,0.053927,0,0
2023,"Faroe Islands",0,0,0.054439,0,0
2024,"Faroe Islands",0,0,0.054719,0,0
2019,"Fiji",0,0,0.914899,0,209.404
2020,"Fiji",0,0,0.914963,0,207.3615
2021,"Fiji",0,0,0.916711,0,216.7735
2022,"Fiji",0,0,0.919422,0,208.2905
2023,"Fiji",0,0,0.924145,0,0
2024,"Fiji",0,0,0.928784,0,0
2022,"Finland",0,0,5.556106,0,65.5795
2023,"Finland",0,0,5.583911,0,0
2019,"Fragile and conflict affected situations",0,0,973.035228,0,251.403975709
2021,"Fragile and conflict affected situations",0,0,1016.906998,0,272.050108201
2022,"Fragile and conflict affected situations",0,0,1036.390026,0,265.38156068455
2023,"Fragile and conflict affected situations",0,0,1057.033168,0,0
2024,"Fragile and conflict affected situations",0,0,1081.767572,0,0
2022,"France",0,0,68.065015,0,0
2023,"France",0,0,68.287487,0,0
2019,"French Polynesia",0,0,0.279034,0,39.8945
2020,"French Polynesia",0,0,0.279209,0,38.908
2021,"French Polynesia",0,0,0.279792,0,59.397
2022,"French Polynesia",0,0,0.280378,0,37.719
2023,"French Polynesia",0,0,0.281118,0,0
2024,"French Polynesia",0,0,0.281807,0,0
2021,"Gabon",0,0,2.376722,0,238.7115
2023,"Gabon",0,0,2.484789,0,0
2024,"Gabon",0,0,2.538952,0,0
2022,"Gambia, The",0,0,2.63647,0,267.8005
2023,"Gambia, The",0,0,2.697845,0,0
2024,"Gambia, The",0,0,2.759988,0,0
2023,"Georgia",0,0,3.715483,1944.3,0
2022,"Germany",0,0,83.797985,657722,0
2023,"Germany",0,0,83.901923,628128,0
2023,"Ghana",0,0,33.787914,0,0
2019,"Gibraltar",0,0,0.035494,0,56.4695
2020,"Gibraltar",0,0,0.036173,0,56.3915
2021,"Gibraltar",0,0,0.036858,0,69.651
2022,"Gibraltar",0,0,0.037609,0,53.6335
2023,"Gibraltar",0,0,0.038471,0,0
2024,"Gibraltar",0,0,0.039329,0,0
2022,"Greece",0,0,10.436882,18110,70.339
2023,"Greece",0,0,10.405588,0,0
2019,"Greenland",0,0,0.056225,0,162.5145
2020,"Greenland",0,0,0.056367,0,162.023
2021,"Greenland",0,0,0.056653,0,161.4925
2022,"Greenland",0,0,0.056661,0,158.469
2023,"Greenland",0,0,0.056865,0,0
2024,"Greenland",0,0,0.056836,0,0
2019,"Grenada",0,0,0.115981,0,124.595
2020,"Grenada",0,0,0.116341,0,121.895
2021,"Grenada",0,0,0.116688,0,119.078
2022,"Grenada",0,0,0.116913,0,125.0925
2023,"Grenada",0,0,0.117081,0,0
2024,"Grenada",0,0,0.117207,0,0
2019,"Guam",0,0,0.161808,0,130.924
2020,"Guam",0,0,0.162158,0,128.259
2021,"Guam",0,0,0.16373,0,133.753
2022,"Guam",0,0,0.16518,0,127.8465
2023,"Guam",0,0,0.166506,0,0
2024,"Guam",0,0,0.167777,0,0
2022,"Guatemala",0,0,17.847877,24709.33749176,226.6295
2023,"Guatemala",0,0,18.124838,0,0
2019,"Guinea",0,0,13.034346,0,263.3365
2020,"Guinea",0,0,13.371183,0,271.0395
2021,"Guinea",0,0,13.710513,0,283.4385
2023,"Guinea",0,0,14.405468,0,0
2024,"Guinea",0,0,14.754785,0,0
2019,"Guinea-Bissau",0,0,1.967696,0,286.9325
2023,"Guinea-Bissau",0,0,2.153339,0,0
2024,"Guinea-Bissau",0,0,2.201352,0,0
2019,"Guyana",0,0,0.807665,0,219.8475
2021,"Guyana",0,0,0.815482,0,274.3285
2022,"Guyana",0,0,0.821637,0,267.2815
2023,"Guyana",0,0,0.826353,0,0
2024,"Guyana",0,0,0.831087,0,0
2019,"Haiti",0,0,11.105163,0,228.1025
2020,"Haiti",0,0,11.243848,0,230.838
2021,"Haiti",0,0,11.374586,0,246.6265
2022,"Haiti",0,0,11.503606,0,240.535
2023,"Haiti",0,0,11.637398,0,0
2024,"Haiti",0,0,11.772557,0,0
2019,"Heavily indebted poor countries (HIPC)",0,0,824.649053,0,246.40477178145
2021,"Heavily indebted poor countries (HIPC)",0,0,870.930036,0,267.5036270717
2022,"Heavily indebted poor countries (HIPC)",0,0,893.906294,0,260.41367364705
2023,"Heavily indebted poor countries (HIPC)",0,0,917.304254,0,0
2024,"Heavily indebted poor countries (HIPC)",0,0,941.413026,0,0
2022,"High income",0,0,1398.530204,0,0
2023,"High income",0,0,1408.764584,0,0
2022,"Honduras",0,0,10.463872,0,166.9825
2023,"Honduras",0,0,10.644851,0,0
2019,"Hong Kong SAR, China",0,0,7.5079,92100,39.715
2020,"Hong Kong SAR, China",0,0,7.481,105200,38.4915
2021,"Hong Kong SAR, China",0,0,7.4131,118800,37.2755
2022,"Hong Kong SAR, China",0,0,7.3461,145900,42.3165
2023,"Hong Kong SAR, China",0,0,7.5361,0,0
2024,"Hong Kong SAR, China",0,0,7.5241,0,0
2022,"Hungary",0,0,9.605074,5839445.459,0
2023,"Hungary",0,0,9.592186,0,0
2019,"IBRD only",0,0,4845.361414,0,0
2021,"IBRD only",0,0,4905.53442,0,0
2022,"IBRD only",0,0,4928.522353,0,0
2023,"IBRD only",0,0,4952.554878,0,0
2024,"IBRD only",0,0,4979.720059,0,0
2019,"IDA & IBRD total",0,0,6594.502842,0,152.5679652172
2021,"IDA & IBRD total",0,0,6732.972939,0,178.6313944182
2022,"IDA & IBRD total",0,0,6795.050443,0,170.4586805833
2023,"IDA & IBRD total",0,0,6858.864199,0,0
2024,"IDA & IBRD total",0,0,6926.456321,0,0
2019,"IDA blend",0,0,614.017319,0,0
2021,"IDA blend",0,0,639.196319,0,0
2022,"IDA blend",0,0,651.895919,0,0
2023,"IDA blend",0,0,664.395892,0,0
2024,"IDA blend",0,0,676.957651,0,0
2019,"IDA only",0,0,1135.124109,0,0
2021,"IDA only",0,0,1188.2422,0,0
2022,"IDA only",0,0,1214.632171,0,0
2023,"IDA only",0,0,1241.913429,0,0
2024,"IDA only",0,0,1269.778611,0,0
2019,"IDA total",0,0,1749.141428,0,0
2021,"IDA total",0,0,1827.438519,0,0
2022,"IDA total",0,0,1866.52809,0,0
2023,"IDA total",0,0,1906.309321,0,0
2024,"IDA total",0,0,1946.736262,0,0
2023,"Iceland",0,0,0.393349,472999.995330069,0
2022,"India",0,0,1425.423212,0,209.8355
2023,"India",0,0,1438.069596,0,0
2023,"Indonesia",0,0,281.190067,0,0
2020,"Iran, Islamic Rep.",0,0,87.723443,0,119.974
2022,"Iran, Islamic Rep.",0,0,89.524246,0,108.425
2023,"Iran, Islamic Rep.",0,0,90.608707,0,0
2023,"Iraq",0,0,45.074049,0,0
2024,"Iraq",0,0,46.042015,0,0
2022,"Ireland",0,0,5.212836,0,0
2023,"Ireland",0,0,5.3076,0,0
2019,"Isle of Man",0,0,0.083957,0,66.2585
2020,"Isle of Man",0,0,0.084064,0,67.2805
2021,"Isle of Man",0,0,0.084106,0,68.9255
2022,"Isle of Man",0,0,0.084132,0,67.143
2023,"Isle of Man",0,0,0.084165,0,0
2024,"Isle of Man",0,0,0.08416,0,0
2023,"Israel",0,0,9.849,0,0
2023,"Italy",0,0,58.993475,0,0
2020,"Jamaica",0,0,2.830739,0,161.315
2022,"Jamaica",0,0,2.839144,0,176.676
2023,"Jamaica",0,0,2.839786,0,0
2022,"Japan",0,0,125.124989,108777600,0
2023,"Japan",0,0,124.51665,0,0
2020,"Jordan",0,0,10.865228,0,93.7465
2022,"Jordan",0,0,11.256263,0,102.833
2023,"Jordan",0,0,11.439213,0,0
2022,"Kazakhstan",0,0,20.034609,5646330.20947055,197.319
2023,"Kazakhstan",0,0,20.330104,5956797.52216071,0
2020,"Kenya",0,0,52.217334,316579.4524481,344.09
2023,"Kenya",0,0,55.339003,88131.59334305,0
2019,"Kiribati",0,0,0.123921,34.06546383,189.2385
2020,"Kiribati",0,0,0.126099,28.92774902,186.9765
2021,"Kiribati",0,0,0.128377,34.36385049,184.081
2022,"Kiribati",0,0,0.130469,39.35744406,184.715
2023,"Kiribati",0,0,0.13253,42.1262,0
2024,"Kiribati",0,0,0.134518,0,0
2019,"Korea, Dem. People's Rep.",0,0,26.037632,0,144.123
2020,"Korea, Dem. People's Rep.",0,0,26.136312,0,144.3095
2021,"Korea, Dem. People's Rep.",0,0,26.232534,0,145.3465
2022,"Korea, Dem. People's Rep.",0,0,26.328845,0,138.413
2023,"Korea, Dem. People's Rep.",0,0,26.418204,0,0
2024,"Korea, Dem. People's Rep.",0,0,26.498823,0,0
2022,"Korea, Rep.",0,0,51.672569,0,39.492
2023,"Korea, Rep.",0,0,51.712619,0,0
2019,"Kosovo",0,0,1.788891,178.60611506,71.6735
2020,"Kosovo",0,0,1.790151,252.96964612,81.343
2021,"Kosovo",0,0,1.786079,276.4812656,84.171
2022,"Kosovo",0,0,1.768096,238.14890877,69.7985
2023,"Kosovo",0,0,1.682668,298.44066624,0
2024,"Kosovo",0,0,1.527324,0,0
2022,"Kuwait",0,0,4.589643,0,42.8425
2023,"Kuwait",0,0,4.85342,0,0
2020,"Kyrgyz Republic",0,0,6.726596,39277.572,192.9765
2022,"Kyrgyz Republic",0,0,6.97522,55593.2,182.777
2023,"Kyrgyz Republic",0,0,7.09975,66236.11,0
2022,"Lao PDR",0,0,7.559007,0,168.7955
2023,"Lao PDR",0,0,7.664993,0,0
2019,"Late-demographic dividend",0,0,2309.164437,0,94.86543223485
2021,"Late-demographic dividend",0,0,2320.449542,0,100.6027710724
2022,"Late-demographic dividend",0,0,2324.125644,0,97.0114661969
2023,"Late-demographic dividend",0,0,2326.6369,0,0
2024,"Late-demographic dividend",0,0,2328.890789,0,0
2019,"Latin America & Caribbean",0,0,640.962372,0,129.23436304505
2021,"Latin America & Caribbean",0,0,649.234493,0,173.8225412773
2022,"Latin America & Caribbean",0,0,653.104795,0,151.24093897875
2023,"Latin America & Caribbean",0,0,657.617663,0,0
2024,"Latin America & Caribbean",0,0,662.18595,0,0
2019,"Latin America & Caribbean (IDA & IBRD)",0,0,625.467307,0,129.84494243615
2021,"Latin America & Caribbean (IDA & IBRD)",0,0,633.86261,0,174.7756640123
2022,"Latin America & Caribbean (IDA & IBRD)",0,0,637.837815,0,152.4457988404
2023,"Latin America & Caribbean (IDA & IBRD)",0,0,642.397939,0,0
2024,"Latin America & Caribbean (IDA & IBRD)",0,0,647.003746,0,0
2019,"Latin America & Caribbean (excluding high income)",0,0,573.311679,0,129.336540539
2021,"Latin America & Caribbean (excluding high income)",0,0,581.884231,0,176.9374882727
2022,"Latin America & Caribbean (excluding high income)",0,0,585.648822,0,152.77468627085
2023,"Latin America & Caribbean (excluding high income)",0,0,589.889543,0,0
2024,"Latin America & Caribbean (excluding high income)",0,0,594.158638,0,0
2022,"Latvia",0,0,1.879383,2319.557,0
2023,"Latvia",0,0,1.877445,0,0
2019,"Least developed countries: UN classification",0,0,1058.013514,0,217.11058319735
2021,"Least developed countries: UN classification",0,0,1109.175268,0,236.73902982325
2022,"Least developed countries: UN classification",0,0,1134.585604,0,225.94686742665
2023,"Least developed countries: UN classification",0,0,1160.824674,0,0
2024,"Least developed countries: UN classification",0,0,1187.777591,0,0
2020,"Lebanon",0,0,5.702398,0,75.0825
2022,"Lebanon",0,0,5.744489,0,110.331
2023,"Lebanon",0,0,5.773493,0,0
2019,"Lesotho",0,0,2.209405,0,461.537
2020,"Lesotho",0,0,2.235727,0,449.014
2021,"Lesotho",0,0,2.261542,0,492.8125
2023,"Lesotho",0,0,2.311472,0,0
2024,"Lesotho",0,0,2.337423,0,0
2023,"Liberia",0,0,5.493031,0,0
2024,"Liberia",0,0,5.612817,0,0
2019,"Libya",0,0,6.951033,0,160.1345
2020,"Libya",0,0,7.045399,0,154.037
2021,"Libya",0,0,7.135175,0,159.5005
2022,"Libya",0,0,7.223805,0,158.149
2023,"Libya",0,0,7.305659,0,0
2024,"Libya",0,0,7.381023,0,0
2019,"Liechtenstein",0,0,0.038563,0,0
2020,"Liechtenstein",0,0,0.038901,0,0
2021,"Liechtenstein",0,0,0.039182,0,0
2022,"Liechtenstein",0,0,0.039493,0,0
2023,"Liechtenstein",0,0,0.03985,0,0
2024,"Liechtenstein",0,0,0.040197,0,0
2023,"Lithuania",0,0,2.871585,0,0
2019,"Low & middle income",0,0,6243.849229,0,153.1151901909
2021,"Low & middle income",0,0,6378.645843,0,178.9098112343
2022,"Low & middle income",0,0,6438.27226,0,170.64624219245
2023,"Low & middle income",0,0,6499.219471,0,0
2024,"Low & middle income",0,0,6563.719861,0,0
2022,"Low income",0,0,591.481496,0,253.6104736643
2023,"Low income",0,0,607.774703,0,0
2022,"Lower middle income",0,0,3043.358377,0,205.57883994845
2023,"Lower middle income",0,0,3082.002881,0,0
2020,"Luxembourg",0,0,0.630419,6893.899,52.9335
2022,"Luxembourg",0,0,0.653103,7766.334,48.6695
2023,"Luxembourg",0,0,0.66643,0,0
2019,"Macao SAR, China",0,0,0.672,8810.04508608,37.5025
2020,"Macao SAR, China",0,0,0.6854,10435.46112775,36.346
2021,"Macao SAR, China",0,0,0.6825,12262.5283781,35.1525
2022,"Macao SAR, China",0,0,0.6773,13946.42544077,36.204
2023,"Macao SAR, China",0,0,0.6788,10718.0719692,0
2024,"Macao SAR, China",0,0,0.687,0,0
2019,"Madagascar",0,0,28.219554,0,211.4745
2020,"Madagascar",0,0,28.953556,0,220.5465
2021,"Madagascar",0,0,29.691083,0,234.1175
2022,"Madagascar",0,0,30.437261,0,225.393
2023,"Madagascar",0,0,31.195932,0,0
2024,"Madagascar",0,0,31.964956,0,0
2023,"Malawi",0,0,21.104482,0,0
2022,"Malaysia",0,0,34.695493,0,108.7125
2023,"Malaysia",0,0,35.126298,0,0
2020,"Maldives",0,0,0.502118,0,49.227
2021,"Maldives",0,0,0.516154,0,46.4505
2022,"Maldives",0,0,0.524106,0,45.999
2023,"Maldives",0,0,0.525994,0,0
2024,"Maldives",0,0,0.527799,0,0
2020,"Mali",0,0,21.713836,0,284.976
2023,"Mali",0,0,23.769127,0,0
2022,"Malta",0,0,0.531113,966.069,37.6805
2023,"Malta",0,0,0.552747,0,0
2019,"Marshall Islands",0,0,0.044007,0,270.434
2020,"Marshall Islands",0,0,0.042706,0,267.19
2021,"Marshall Islands",0,0,0.041367,0,262.914
2022,"Marshall Islands",0,0,0.040077,0,264.5195
2023,"Marshall Islands",0,0,0.038827,0,0
2024,"Marshall Islands",0,0,0.037548,0,0
2023,"Mauritania",0,0,5.022441,0,0
2024,"Mauritania",0,0,5.169395,0,0
2023,"Mauritius",0,0,1.261041,17193.0546222918,0
2022,"Mexico",0,0,128.613117,0,145.7665
2023,"Mexico",0,0,129.739759,0,0
2019,"Micronesia, Fed. Sts.",0,0,0.110282,31.393749,153.6075
2021,"Micronesia, Fed. Sts.",0,0,0.111624,0,163.363
2022,"Micronesia, Fed. Sts.",0,0,0.112114,0,161.1815
2023,"Micronesia, Fed. Sts.",0,0,0.11263,0,0
2024,"Micronesia, Fed. Sts.",0,0,0.11316,0,0
2019,"Middle East & North Africa (IDA & IBRD)",0,0,675.805691,0,123.45857372165
2021,"Middle East & North Africa (IDA & IBRD)",0,0,699.536053,0,135.367452051
2022,"Middle East & North Africa (IDA & IBRD)",0,0,711.465045,0,132.94904020525
2023,"Middle East & North Africa (IDA & IBRD)",0,0,723.91167,0,0
2024,"Middle East & North Africa (IDA & IBRD)",0,0,736.401764,0,0
2019,"Middle East & North Africa (excluding high income)",0,0,680.490997,0,123.19668462675
2021,"Middle East & North Africa (excluding high income)",0,0,704.458802,0,135.15297439545
2022,"Middle East & North Africa (excluding high income)",0,0,716.508657,0,132.7619810875
2023,"Middle East & North Africa (excluding high income)",0,0,729.077445,0,0
2024,"Middle East & North Africa (excluding high income)",0,0,741.690916,0,0
2019,"Middle East and North Africa",0,0,742.714463,0,115.4967955269
2021,"Middle East and North Africa",0,0,767.578451,0,126.7443103471
2022,"Middle East and North Africa",0,0,782.349366,0,124.0118430215
2023,"Middle East and North Africa",0,0,797.801454,0,0
2024,"Middle East and North Africa",0,0,813.118814,0,0
2019,"Middle income",0,0,5698.868246,0,144.8080774646
2021,"Middle income",0,0,5802.569225,0,170.9634548885
2022,"Middle income",0,0,5846.790764,0,162.30769398215
2023,"Middle income",0,0,5891.444768,0,0
2024,"Middle income",0,0,5939.111763,0,0
2022,"Moldova",0,0,2.528654,25770.4,210.893
2023,"Moldova",0,0,2.457783,29825.7,0
2021,"Monaco",0,0,0.038527,0,0
2022,"Monaco",0,0,0.038931,0,0
2023,"Monaco",0,0,0.038956,0,0
2024,"Monaco",0,0,0.038631,0,0
2022,"Mongolia",0,0,3.433748,0,170.7735
2023,"Mongolia",0,0,3.481145,0,0
2023,"Montenegro",0,0,0.623529,0,0
2020,"Morocco",0,0,36.584208,0,107.563
2022,"Morocco",0,0,37.329064,0,101.2745
2023,"Morocco",0,0,37.712505,0,0
2023,"Mozambique",0,0,33.63516,0,0
2024,"Mozambique",0,0,34.631766,0,0
2020,"Myanmar",0,0,53.016522,0,200.8735
2021,"Myanmar",0,0,53.387102,0,221.444
2022,"Myanmar",0,0,53.756787,0,197.9595
2023,"Myanmar",0,0,54.133798,0,0
2024,"Myanmar",0,0,54.500091,0,0
2023,"Namibia",0,0,2.963095,0,0
2024,"Namibia",0,0,3.030131,0,0
2019,"Nauru",0,0,0.011587,0,326.1975
2020,"Nauru",0,0,0.011643,0,326.0625
2021,"Nauru",0,0,0.011709,0,322.9065
2022,"Nauru",0,0,0.011801,0,317.746
2023,"Nauru",0,0,0.011875,0,0
2024,"Nauru",0,0,0.011947,0,0
2022,"Nepal",0,0,29.715436,0,160.9205
2023,"Nepal",0,0,29.694614,0,0
2022,"Netherlands",0,0,17.700982,136689,0
2023,"Netherlands",0,0,17.877117,0,0
2019,"New Caledonia",0,0,0.283606,0,81.7785
2020,"New Caledonia",0,0,0.284176,0,78.4915
2021,"New Caledonia",0,0,0.285214,0,86.5495
2022,"New Caledonia",0,0,0.287123,0,79.2185
2023,"New Caledonia",0,0,0.28987,0,0
2024,"New Caledonia",0,0,0.292639,0,0
2023,"New Zealand",0,0,5.245,0,0
2020,"Nicaragua",0,0,6.565267,0,165.635
2022,"Nicaragua",0,0,6.730654,0,135.9065
2023,"Nicaragua",0,0,6.823613,0,0
2021,"Niger",0,0,24.50214,0,248.599
2023,"Niger",0,0,26.159867,0,0
2024,"Niger",0,0,27.032412,0,0
2020,"Nigeria",0,0,213.996181,0,367.12
2023,"Nigeria",0,0,227.882945,0,0
2019,"North America",0,0,367.908829,0,103.7635257779
2021,"North America",0,0,370.404272,0,135.52265278105
2022,"North America",0,0,373.018004,0,0
2023,"North America",0,0,376.954413,0,0
2024,"North America",0,0,381.464223,0,0
2022,"North Macedonia",0,0,1.831712,0,100.6555
2023,"North Macedonia",0,0,1.827816,0,0
2019,"Northern Mariana Islands",0,0,0.048129,0,0
2020,"Northern Mariana Islands",0,0,0.047528,0,0
2021,"Northern Mariana Islands",0,0,0.046979,0,0
2022,"Northern Mariana Islands",0,0,0.046078,0,0
2023,"Northern Mariana Islands",0,0,0.045143,0,0
2024,"Northern Mariana Islands",0,0,0.044278,0,0
2022,"Norway",0,0,5.457127,484644,50.12
2023,"Norway",0,0,5.519594,0,0
2024,"Norway",0,0,5.572272,0,0
2019,"OECD members",0,0,1364.155119,0,85.01446459945
2021,"OECD members",0,0,1371.811773,0,110.91530490625
2022,"OECD members",0,0,1379.097485,0,0
2023,"OECD members",0,0,1388.472514,0,0
2024,"OECD members",0,0,1396.91419,0,0
2023,"Oman",0,0,5.049269,0,0
2019,"Other small states",0,0,12.281907,0,136.5608760933
2021,"Other small states",0,0,12.541889,0,153.7612273752
2022,"Other small states",0,0,12.699005,0,154.5471695863
2023,"Other small states",0,0,12.842214,0,0
2024,"Other small states",0,0,12.969162,0,0
2019,"Pacific island small states",0,0,2.568656,0,187.1540576671
2020,"Pacific island small states",0,0,2.595522,0,184.6991095947
2021,"Pacific island small states",0,0,2.625493,0,186.6100836287
2022,"Pacific island small states",0,0,2.656049,0,183.49238971725
2023,"Pacific island small states",0,0,2.689224,0,0
2024,"Pacific island small states",0,0,2.722467,0,0
2020,"Pakistan",0,0,235.001746,0,177.916
2022,"Pakistan",0,0,243.700667,0,178.682
2023,"Pakistan",0,0,247.504495,0,0
2019,"Palau",0,0,0.017798,0,0
2021,"Palau",0,0,0.017783,0,0
2022,"Palau",0,0,0.017759,0,0
2023,"Palau",0,0,0.017727,0,0
2024,"Palau",0,0,0.017695,0,0
2022,"Panama",0,0,4.400773,0,118.1245
2023,"Panama",0,0,4.458759,0,0
2020,"Papua New Guinea",0,0,9.815746,0,221.0215
2022,"Papua New Guinea",0,0,10.203169,0,219.4045
2023,"Papua New Guinea",0,0,10.389635,0,0
2024,"Papua New Guinea",0,0,10.576502,0,0
2023,"Paraguay",0,0,6.844146,0,0
2020,"Peru",0,0,32.838579,0,143.8615
2023,"Peru",0,0,33.845617,0,0
2022,"Philippines",0,0,113.964338,0,130.8585
2023,"Philippines",0,0,114.891199,0,0
2022,"Poland",0,0,36.821749,365884.62,0
2023,"Poland",0,0,36.687353,0,0
2022,"Portugal",0,0,10.434332,18407.434,70.729
2023,"Portugal",0,0,10.578174,0,0
2019,"Post-demographic dividend",0,0,1114.907717,0,78.02745327865
2021,"Post-demographic dividend",0,0,1116.609473,0,99.5040367328
2022,"Post-demographic dividend",0,0,1117.926537,0,0
2023,"Post-demographic dividend",0,0,1121.892872,0,0
2024,"Post-demographic dividend",0,0,1128.430188,0,0
2019,"Pre-demographic dividend",0,0,972.302503,0,280.708931615
2021,"Pre-demographic dividend",0,0,1024.960313,0,300.15262774785
2022,"Pre-demographic dividend",0,0,1051.201551,0,290.41176367905
2023,"Pre-demographic dividend",0,0,1078.224044,0,0
2024,"Pre-demographic dividend",0,0,1105.951788,0,0
2019,"Puerto Rico",0,0,3.302691,0,98.82
2020,"Puerto Rico",0,0,3.28159,0,122.6925
2021,"Puerto Rico",0,0,3.262711,0,107.436
2022,"Puerto Rico",0,0,3.220137,0,100.3075
2023,"Puerto Rico",0,0,3.203792,0,0
2024,"Puerto Rico",0,0,3.203295,0,0
2020,"Qatar",0,0,2.794148,0,50.0355
2022,"Qatar",0,0,2.657333,0,38.849
2023,"Qatar",0,0,2.656032,0,0
2022,"Romania",0,0,19.048502,0,123.3805
2023,"Romania",0,0,19.059479,0,0
2021,"Russian Federation",0,0,144.746762,0,0
2022,"Russian Federation",0,0,144.236933,0,0
2023,"Russian Federation",0,0,143.82613,0,0
2024,"Russian Federation",0,0,143.533851,0,0
2020,"Rwanda",0,0,13.065837,0,226.604
2022,"Rwanda",0,0,13.65103,0,223.5305
2023,"Rwanda",0,0,13.954471,0,0
2019,"Samoa",0,0,0.20978,0,146.4925
2022,"Samoa",0,0,0.215261,0,139.955
2023,"Samoa",0,0,0.216663,0,0
2024,"Samoa",0,0,0.218019,0,0
2019,"San Marino",0,0,0.034663,181.794522,0
2020,"San Marino",0,0,0.03477,188.726354,0
2021,"San Marino",0,0,0.034252,179.907547,0
2022,"San Marino",0,0,0.033755,187.274837,0
2023,"San Marino",0,0,0.03386,0,0
2024,"San Marino",0,0,0.033977,0,0
2020,"Sao Tome and Principe",0,0,0.217435,0,235.8345
2021,"Sao Tome and Principe",0,0,0.221961,0,238.3995
2022,"Sao Tome and Principe",0,0,0.226305,0,222.6895
2023,"Sao Tome and Principe",0,0,0.230871,0,0
2024,"Sao Tome and Principe",0,0,0.235536,0,0
2023,"Saudi Arabia",0,0,33.702731,0,0
2023,"Senegal",0,0,18.077573,0,0
2024,"Senegal",0,0,18.501984,0,0
2022,"Serbia",0,0,6.664449,0,107.28
2023,"Serbia",0,0,6.623183,0,0
2020,"Seychelles",0,0,0.098462,0,151.808
2021,"Seychelles",0,0,0.099258,0,172.8235
2023,"Seychelles",0,0,0.119773,0,0
2024,"Seychelles",0,0,0.121354,0,0
2021,"Sierra Leone",0,0,8.094602,0,248.1375
2023,"Sierra Leone",0,0,8.460512,0,0
2024,"Sierra Leone",0,0,8.642022,0,0
2022,"Singapore",0,0,5.637022,17477.64575309,43.042
2023,"Singapore",0,0,5.917648,17196.150157462,0
2019,"Sint Maarten (Dutch part)",0,0,0.040385,0,95.4495
2020,"Sint Maarten (Dutch part)",0,0,0.041008,0,98.0465
2021,"Sint Maarten (Dutch part)",0,0,0.041571,0,109.206
2022,"Sint Maarten (Dutch part)",0,0,0.042139,0,105.244
2023,"Sint Maarten (Dutch part)",0,0,0.042749,0,0
2024,"Sint Maarten (Dutch part)",0,0,0.04335,0,0
2022,"Slovak Republic",0,0,5.431752,13498.335,0
2023,"Slovak Republic",0,0,5.42674,0,0
2022,"Slovenia",0,0,2.112076,8558.101,0
2023,"Slovenia",0,0,2.120461,0,0
2019,"Small states",0,0,19.293697,0,148.24350234625
2021,"Small states",0,0,19.646549,0,165.94406919005
2022,"Small states",0,0,19.852364,0,165.1082917705
2023,"Small states",0,0,20.051342,0,0
2024,"Small states",0,0,20.230689,0,0
2019,"Solomon Islands",0,0,0.728147,0,165.6885
2020,"Solomon Islands",0,0,0.744498,0,165.397
2021,"Solomon Islands",0,0,0.762591,0,162.976
2022,"Solomon Islands",0,0,0.781066,0,161.645
2023,"Solomon Islands",0,0,0.800005,0,0
2024,"Solomon Islands",0,0,0.819198,0,0
2019,"Somalia",0,0,16.030971,2.97792319,289.1175
2020,"Somalia",0,0,16.651191,0,316.723
2021,"Somalia",0,0,17.271431,0,338.2635
2022,"Somalia",0,0,17.801897,0,330.6365
2023,"Somalia",0,0,18.358615,0,0
2024,"Somalia",0,0,19.009151,0,0
2020,"South Africa",0,0,60.562381,532303.469,305.2715
2022,"South Africa",0,0,62.37841,617700.682839337,362.049
2023,"South Africa",0,0,63.212384,0,0
2019,"South Asia",0,0,1605.412986,0,163.8773162676
2021,"South Asia",0,0,1634.785356,0,207.88130279765
2022,"South Asia",0,0,1648.009565,0,197.0886182371
2023,"South Asia",0,0,1662.580579,0,0
2024,"South Asia",0,0,1677.384532,0,0
2019,"South Asia (IDA & IBRD)",0,0,1605.412986,0,163.8773162676
2021,"South Asia (IDA & IBRD)",0,0,1634.785356,0,207.88130279765
2022,"South Asia (IDA & IBRD)",0,0,1648.009565,0,197.0886182371
2023,"South Asia (IDA & IBRD)",0,0,1662.580579,0,0
2024,"South Asia (IDA & IBRD)",0,0,1677.384532,0,0
2021,"South Sudan",0,0,10.86578,0,348.3605
2022,"South Sudan",0,0,11.021177,0,342.707
2023,"South Sudan",0,0,11.483374,0,0
2024,"South Sudan",0,0,11.943408,0,0
2022,"Spain",0,0,47.786102,179068,0
2023,"Spain",0,0,48.34791,0,0
2022,"Sri Lanka",0,0,22.181,0,108.573
2023,"Sri Lanka",0,0,22.037,0,0
2019,"St. Kitts and Nevis",0,0,0.046952,0,172.965
2020,"St. Kitts and Nevis",0,0,0.04687,0,172.8605
2021,"St. Kitts and Nevis",0,0,0.046763,0,172.8245
2022,"St. Kitts and Nevis",0,0,0.046709,0,168.0365
2023,"St. Kitts and Nevis",0,0,0.046758,0,0
2024,"St. Kitts and Nevis",0,0,0.046843,0,0
2019,"St. Lucia",0,0,0.177661,0,133.901
2020,"St. Lucia",0,0,0.17825,0,134.429
2021,"St. Lucia",0,0,0.178522,0,163.219
2022,"St. Lucia",0,0,0.178781,0,160.209
2023,"St. Lucia",0,0,0.179285,0,0
2024,"St. Lucia",0,0,0.179744,0,0
2019,"St. Martin (French part)",0,0,0.034267,0,59.1975
2020,"St. Martin (French part)",0,0,0.031786,0,58.145
2021,"St. Martin (French part)",0,0,0.029961,0,56.635
2022,"St. Martin (French part)",0,0,0.02887,0,56.072
2023,"St. Martin (French part)",0,0,0.027515,0,0
2024,"St. Martin (French part)",0,0,0.026129,0,0
2019,"St. Vincent and the Grenadines",0,0,0.104167,0,161.216
2020,"St. Vincent and the Grenadines",0,0,0.103526,0,164.03
2021,"St. Vincent and the Grenadines",0,0,0.102841,0,202.238
2022,"St. Vincent and the Grenadines",0,0,0.102046,0,211.9515
2023,"St. Vincent and the Grenadines",0,0,0.101323,0,0
2024,"St. Vincent and the Grenadines",0,0,0.100616,0,0
2019,"Sub-Saharan Africa",0,0,1139.315618,0,280.0014432906
2021,"Sub-Saharan Africa",0,0,1199.011925,0,301.31534139225
2022,"Sub-Saharan Africa",0,0,1229.208573,0,293.4838469469
2023,"Sub-Saharan Africa",0,0,1259.902353,0,0
2024,"Sub-Saharan Africa",0,0,1291.058694,0,0
2019,"Sub-Saharan Africa (IDA & IBRD)",0,0,1139.315618,0,280.0014432906
2021,"Sub-Saharan Africa (IDA & IBRD)",0,0,1199.011925,0,301.31534139225
2022,"Sub-Saharan Africa (IDA & IBRD)",0,0,1229.208573,0,293.4838469469
2023,"Sub-Saharan Africa (IDA & IBRD)",0,0,1259.902353,0,0
2024,"Sub-Saharan Africa (IDA & IBRD)",0,0,1291.058694,0,0
2019,"Sub-Saharan Africa (excluding high income)",0,0,1023.48061,0,280.0174278761
2021,"Sub-Saharan Africa (excluding high income)",0,0,1076.774079,0,301.32872148575
2022,"Sub-Saharan Africa (excluding high income)",0,0,1103.704408,0,293.4993885047
2023,"Sub-Saharan Africa (excluding high income)",0,0,1131.090888,0,0
2024,"Sub-Saharan Africa (excluding high income)",0,0,1158.877573,0,0
2019,"Sudan",0,0,45.548175,0,204.763
2020,"Sudan",0,0,46.789231,0,206.3615
2021,"Sudan",0,0,48.066924,0,213.564
2022,"Sudan",0,0,49.383346,0,210.265
2023,"Sudan",0,0,50.042791,0,0
2024,"Sudan",0,0,50.448963,0,0
2019,"Suriname",0,0,0.605768,0,180.4845
2020,"Suriname",0,0,0.612317,0,176.2835
2022,"Suriname",0,0,0.623164,0,200.267
2023,"Suriname",0,0,0.628886,0,0
2024,"Suriname",0,0,0.634431,0,0
2022,"Sweden",0,0,10.486941,821280,46.3135
2023,"Sweden",0,0,10.536632,0,0
2022,"Switzerland",0,0,8.777088,35910.31561795,44.27
2023,"Switzerland",0,0,8.888093,35621.38756168,0
2019,"Syrian Arab Republic",0,0,20.353534,0,149.1585
2020,"Syrian Arab Republic",0,0,21.049429,0,138.1245
2021,"Syrian Arab Republic",0,0,21.628839,0,136.555
2022,"Syrian Arab Republic",0,0,22.462173,0,145.0455
2023,"Syrian Arab Republic",0,0,23.594623,0,0
2024,"Syrian Arab Republic",0,0,24.67276,0,0
2022,"Tajikistan",0,0,10.182222,4674.945974,144.2135
2023,"Tajikistan",0,0,10.389799,6164.6159498,0
2020,"Tanzania",0,0,60.972798,0,217.7555
2023,"Tanzania",0,0,66.617606,0,0
2022,"Thailand",0,0,71.735329,332723.198178163,119.963
2023,"Thailand",0,0,71.702435,304783.67111791,0
2021,"Timor-Leste",0,0,1.350139,0,180.5435
2022,"Timor-Leste",0,0,1.369295,0,167.4985
2023,"Timor-Leste",0,0,1.384286,0,0
2024,"Timor-Leste",0,0,1.400638,0,0
2023,"Togo",0,0,9.304337,0,0
2024,"Togo",0,0,9.515236,0,0
2022,"Tonga",0,0,0.105042,0,189.4965
2023,"Tonga",0,0,0.104597,0,0
2024,"Tonga",0,0,0.104175,0,0
2022,"Trinidad and Tobago",0,0,1.365805,0,148.6895
2023,"Trinidad and Tobago",0,0,1.36751,0,0
2022,"Tunisia",0,0,12.119334,0,109.051
2023,"Tunisia",0,0,12.200431,0,0
2022,"Turkiye",0,0,84.979913,941848.322883737,75.461
2023,"Turkiye",0,0,85.325965,1936680.62735516,0
2022,"Turkmenistan",0,0,7.230193,0,172.176
2023,"Turkmenistan",0,0,7.364438,0,0
2024,"Turkmenistan",0,0,7.494498,0,0
2019,"Turks and Caicos Islands",0,0,0.043166,0,101.1955
2020,"Turks and Caicos Islands",0,0,0.044386,0,102.576
2021,"Turks and Caicos Islands",0,0,0.045243,0,108.6
2022,"Turks and Caicos Islands",0,0,0.045847,0,105.6115
2023,"Turks and Caicos Islands",0,0,0.046198,0,0
2024,"Turks and Caicos Islands",0,0,0.046535,0,0
2019,"Tuvalu",0,0,0.010581,0,300.996
2021,"Tuvalu",0,0,0.010194,0,299.257
2022,"Tuvalu",0,0,0.009992,0,292.0225
2023,"Tuvalu",0,0,0.009816,0,0
2024,"Tuvalu",0,0,0.009646,0,0
2019,"Uganda",0,0,42.999637,508507.677637,289.2115
2021,"Uganda",0,0,45.91093,0,293.8995
2023,"Uganda",0,0,48.656601,0,0
2024,"Uganda",0,0,50.015092,0,0
2019,"Ukraine",0,0,44.957458,219836.5,145.4015
2020,"Ukraine",0,0,44.680014,227277.6,179.3615
2021,"Ukraine",0,0,44.29864,238522.9,193.0895
2022,"Ukraine",0,0,41.048766,246957.6,238.1335
2023,"Ukraine",0,0,37.732836,0,0
2024,"Ukraine",0,0,37.860221,0,0
2022,"United Arab Emirates",0,0,10.074977,0,57.129
2023,"United Arab Emirates",0,0,10.483751,0,0
2023,"United Kingdom",0,0,68.492,0,0
2022,"United States",0,0,334.017321,3942596,0
2023,"United States",0,0,336.806231,0,0
2022,"Upper middle income",0,0,2803.432387,0,118.27530363035
2023,"Upper middle income",0,0,2809.441887,0,0
2020,"Uruguay",0,0,3.398968,0,107.604
2023,"Uruguay",0,0,3.388081,0,0
2022,"Uzbekistan",0,0,34.938955,51756837.6518535,153.116
2023,"Uzbekistan",0,0,35.652307,0,0
2020,"Vanuatu",0,0,0.298858,0,163.288
2021,"Vanuatu",0,0,0.305868,0,158.2795
2022,"Vanuatu",0,0,0.313046,0,166.2795
2023,"Vanuatu",0,0,0.320409,0,0
2024,"Vanuatu",0,0,0.327777,0,0
2020,"Venezuela, RB",0,0,28.444077,0,175.712
2022,"Venezuela, RB",0,0,28.213017,0,176.505
2023,"Venezuela, RB",0,0,28.300854,0,0
2020,"Viet Nam",0,0,98.079191,0,115.621
2022,"Viet Nam",0,0,99.680655,0,127.8645
2023,"Viet Nam",0,0,100.352192,0,0
2019,"Virgin Islands (U.S.)",0,0,0.106669,0,122.551
2020,"Virgin Islands (U.S.)",0,0,0.10629,0,122.9495
2021,"Virgin Islands (U.S.)",0,0,0.10587,0,126.26
2022,"Virgin Islands (U.S.)",0,0,0.105413,0,123.154
2023,"Virgin Islands (U.S.)",0,0,0.104917,0,0
2024,"Virgin Islands (U.S.)",0,0,0.104377,0,0
2019,"West Bank and Gaza",0,0,4.685306,0,97.988
2020,"West Bank and Gaza",0,0,4.803269,0,105.665
2021,"West Bank and Gaza",0,0,4.922749,0,115.073
2022,"West Bank and Gaza",0,0,5.043612,0,115.453
2023,"West Bank and Gaza",0,0,5.165775,0,0
2024,"West Bank and Gaza",0,0,5.289152,0,0
2019,"World",0,0,7778.303912,0,140.7210087381
2021,"World",0,0,7920.861888,0,167.5767448148
2022,"World",0,0,7990.399768,0,166.6058588448
2023,"World",0,0,8064.976601,0,0
2024,"World",0,0,8142.056446,0,0
2019,"Yemen, Rep.",0,0,35.111408,0,215.5415
2020,"Yemen, Rep.",0,0,36.134863,0,220.15
2021,"Yemen, Rep.",0,0,37.14023,0,232.975
2022,"Yemen, Rep.",0,0,38.222876,0,233.566
2023,"Yemen, Rep.",0,0,39.390799,0,0
2024,"Yemen, Rep.",0,0,40.583164,0,0
2023,"Zambia",0,0,20.723965,0,0
2023,"Zimbabwe",0,0,16.340822,0,0
